Date,HDFCBANK.NS,RELIANCE.NS,TCS.NS
2020-01-02,0.006353893517599379,0.01688119863505635,-0.004601228606925813
2020-01-03,-0.014363618541829706,0.0012042855758794399,0.01973326615774387
2020-01-06,-0.021878865607783876,-0.023465453681292422,-9.108325579781145e-05
2020-01-07,0.01571058879031726,0.015267461160470132,0.0024510820052328036
2020-01-08,-0.002621204036300751,-0.00753849284081231,0.022148114015507207
2020-01-09,0.011152002936752206,0.022770210859854104,-0.018301854142342706
2020-01-10,0.008848489642042164,-0.00022625130699136472,-0.0003615186087119372
2020-01-13,0.0025695660117160063,-0.0025553530190613894,-0.010536065473472621
2020-01-14,0.0027179202137375172,-0.009306674103913783,0.007527301312907736
2020-01-15,-0.0040797055601402505,-0.0036354902703258102,0.009021922978175709
2020-01-16,0.002643946826016296,0.009177660779207014,0.005329289135311726
2020-01-17,-0.007405088186611469,0.027639777374868047,-0.008838019531002028
2020-01-20,-0.018357852047920335,-0.031254961137121146,-0.022213409003221253
2020-01-21,-0.00844258966559001,0.0010110074442387497,0.0003223052502172251
2020-01-22,-0.002816572784160965,-0.0003586904858590867,0.016377911170518598
2020-01-23,0.003218278753915139,-0.004247953265369784,-0.0049853852744165626
2020-01-24,-0.00024096289840550765,-0.003477402882309655,-0.003451676769865013
2020-01-27,-0.0255126027445957,-0.009907230454899992,-0.006501964806861674
2020-01-28,0.00820890870523699,-0.023370101489582847,0.006662019964293407
2020-01-29,0.010288623784103286,0.00548860634397408,-0.013438297831776023
2020-01-30,-0.007961372315159186,-0.024696901023338807,-0.007804345561702982
2020-01-31,0.000203923499304113,-0.02248471357555356,-0.02788980621774341
2020-02-03,-0.02769811117542486,-0.018698132380616916,0.011216010236772194
2020-02-04,0.03054815967107895,0.029092790791168496,0.002493878552495553
2020-02-05,0.012002729134075463,0.015374711782855948,0.018241183412323548
2020-02-06,-0.0039041784818349746,0.006400007930075558,-0.00851498768693318
2020-02-07,0.0019337619974503719,-0.016705021199278615,0.0038451978803155603
2020-02-10,-0.00153058210632135,0.0013593847342820323,0.011818294982011483
2020-02-11,0.00024168485552665263,0.011875448906535474,-0.003962657928570617
2020-02-12,0.006748303942340039,0.012008121838667929,0.008024806329338064
2020-02-13,-0.006103544100805794,0.0026150890901185018,0.009718616761704164
2020-02-14,-0.017921791600360223,0.009082567046127013,-0.003541775681914874
2020-02-17,-0.001805884477219313,-0.006305227818863299,0.008684019603785684
2020-02-18,-0.00320930533108445,-0.007366832214337567,0.005657239383868398
2020-02-19,0.011432223867536203,0.02450321062535027,-0.008793868877606378
2020-02-20,-0.008264006492727386,-0.011940947565336497,-0.018171361518150186
2020-02-24,-0.005891965779773401,-0.02797958241689385,-0.019405507659142993
2020-02-25,-0.008007487513435508,-0.019956174838803558,0.019104090095687136
2020-02-26,-0.0008752176816027862,-0.017377029901966955,-0.015211224626093938
2020-02-27,0.00016678761308356268,-0.004139345311378909,-0.0085600441761359
2020-02-28,-0.018342205666536236,-0.04243882373910709,-0.05133077686608576
2020-03-02,0.0016544472104405535,-0.009452495522401332,0.0005747652911349024
2020-03-03,0.0018634262634970905,0.02008326387557452,0.01728841809773862
2020-03-04,-0.028277485672940902,-0.0023483176883357837,0.022819687785068717
2020-03-05,0.0021737888758363625,-0.02154118792591834,0.019890353269781346
2020-03-06,-0.014390456027536275,-0.031100722459689912,-0.0040553225254752676
2020-03-09,-0.024619851629581344,-0.13171214937502762,-0.07051438417978269
2020-03-11,0.0058528887481030375,0.03475229996909468,-0.00950085494905067
2020-03-12,-0.08670139848368366,-0.08174906969344414,-0.09883022261534942
2020-03-13,0.04639560410310074,0.03902172335366031,0.020385851886458393
2020-03-16,-0.06797200881004985,-0.08453868939103928,-0.06277202262646905
2020-03-17,-0.024715170036031145,-0.007609787703620765,-0.022896317177898393
2020-03-18,-0.10614696433759727,-0.039975047111699004,-0.002173586757332559
2020-03-19,0.021045040436488065,-0.053877975994262035,-0.003690625531137564
2020-03-20,-0.014282836796125397,0.10367550319833038,0.09390089008501139
2020-03-23,-0.13475375492160385,-0.14103235064451528,-0.07372523202789118
2020-03-24,-0.00500236277478407,0.06497678732637964,0.01983586392624533
2020-03-25,0.10974707361589549,0.13730693467013017,0.02730764813368865
2020-03-26,0.05047012627407809,-0.01494125352746065,0.02295892702254811
2020-03-27,0.0037107540329394113,-0.0005628761115532063,0.018559696778971364
2020-03-30,-0.08391533780112147,-0.03354241916592599,-0.025535432481342876
2020-03-31,0.03572760427879192,0.07773719714687904,0.026411992913382712
2020-04-01,-0.038135336057191306,-0.030355087522254954,-0.06642030929956416
2020-04-03,-0.01922793938717129,-0.0027805307834093992,-0.03244456353570193
2020-04-07,0.09627593798139436,0.11279481306974991,0.07059556436983302
2020-04-08,-0.00806716717205171,-0.011633506216480322,-0.040084125940472726
2020-04-09,0.03986299237981753,0.02305135860059988,0.03497290823127947
2020-04-13,-0.03263307426182643,-0.025570978397876865,-0.003914381368835645
2020-04-15,-0.036452413084900444,-0.0336073650840151,-0.013793553119787591
2020-04-16,0.018875372641910075,0.01570414053615804,-0.01106858570152861
2020-04-17,0.03413653114878814,0.046788428578322834,0.05119982773928084
2020-04-20,0.03725194757414043,0.01604709548966417,0.006869196126272797
2020-04-21,-0.02486066174202847,-0.005199142199294684,-0.04556072914399191
2020-04-22,0.007512523605702888,0.09715620092426352,0.018163136424483996
2020-04-23,0.02798092646234831,0.005339439929194766,0.0596438291521911
2020-04-24,-0.01785568113394202,0.03307436683565215,-0.032301260022132655
2020-04-27,-0.008941219307683074,0.008957594927250474,0.00987674046190705
2020-04-28,0.001826797925481258,-0.0011196149306598206,0.012149439710832639
2020-04-29,0.04790007273357623,-0.0008405584087054045,0.024757612613640085
2020-04-30,0.024964761265249817,0.026998071492518188,0.055522954186503555
2020-05-04,-0.08192442932645067,-0.021233190040723906,-0.04259295400164613
2020-05-05,-0.012592495515343582,0.017577321608916903,0.001190746569112219
2020-05-06,0.037628629925610495,6.837932853704462e-05,-0.015197117059796962
2020-05-07,-0.022871651427345138,0.031137808132019527,-0.006297326640085102
2020-05-08,0.00436886044270683,0.03575116939927817,0.0009246998605382549
2020-05-11,-0.014364546998718744,0.00955842378741981,0.021888104992276114
2020-05-12,-0.015682616483228898,-0.06386220704522337,0.0073105791270941505
2020-05-13,0.028539042132778653,0.020994800509023286,7.695628376354005e-05
2020-05-14,-0.03728435695741538,-0.041269004983316294,-0.02455971590663935
2020-05-15,-0.00622949020965583,0.01619870728627866,-0.004979996885196035
2020-05-18,-0.05973475630600068,-0.012861416612433426,0.027460360922551864
2020-05-19,-0.0071973063701781395,-0.022354605174709812,0.0015663809035415391
2020-05-20,0.03134603586079737,0.01744918181166269,0.002536924896115305
2020-05-21,0.002854398399439519,0.005252289735298843,0.019063879808938172
2020-05-22,-0.024377099636156748,-0.006752920009000006,0.01453304234564484
2020-05-26,0.016024047001989467,-0.005252995090479617,-0.039037526887055474
2020-05-27,0.058386170300141024,0.014985052676507179,0.03156065617849516
2020-05-28,0.04500731309148053,0.018301890808438352,-0.0004988649360367726
2020-05-29,0.006747896334646259,-0.00534629532874666,-0.016069219073465934
2020-06-01,0.03713111716355534,0.03749512266435454,0.036294276013313795
2020-06-02,0.013426274472920715,0.010045656308302914,0.0009285095080612096
2020-06-03,0.021006624843868185,0.0038671138370119287,0.0024466464173002584
2020-06-04,-0.020307504371306243,0.024444834934273584,0.021945567038086474
2020-06-05,0.031107295374028128,0.0012019550544489059,-0.020919765721084182
2020-06-08,-0.017030897635139205,-0.007743103285981067,0.011407945037705964
2020-06-09,-0.028556297104124922,-0.020827074479865187,0.00014465826246685954
2020-06-10,0.004597941300713958,0.022514136371279605,0.017556996649927544
2020-06-11,-0.02372018331286688,-0.022156364921074617,-0.019682684026837326
2020-06-12,0.014503127362516731,0.032691197494548935,-0.013708080238726737
2020-06-15,-0.03405081804941683,0.01607728037821924,-0.004718157500467795
2020-06-16,0.041804945467774746,0.0019492198778433088,0.007802418705836295
2020-06-17,-0.011321918740229756,-0.0014539124511929633,0.00097706094937629
2020-06-18,0.04072192606478813,0.024793015694620384,-0.004747811222136413
2020-06-19,0.013052174645984306,0.06062821316375634,0.0031841724152836255
2020-06-22,-0.004461362835537302,-0.007559393923278534,-0.008176889375112855
2020-06-23,0.01308525641900316,-0.014566063418399222,0.0036178652628374897
2020-06-24,-0.009446701654250178,0.004030545566694329,0.0033843133458362623
2020-06-25,-0.003638554764752965,-0.005775311175548373,-0.01286267146475234
2020-06-26,0.026569764453943472,0.013730255145003254,0.04970869674991471
2020-06-29,0.01838275633703386,-0.010678812536590771,-0.008150888629251259
2020-06-30,-0.009524273083599969,-0.011116886948301442,-0.009321745234332558
2020-07-01,0.01743838664152436,0.019467630433849692,0.004743433168900149
2020-07-02,0.004416049999425209,0.017069042838286606,0.030643381508941785
2020-07-03,-0.0142838318260567,0.01552895294806853,0.019510444385784056
2020-07-06,0.026690534210627816,0.03511652595410472,0.02848140697216261
2020-07-07,0.0019472236857245172,-0.015427914059250267,0.0029560738273218343
2020-07-08,0.004694257767536175,-0.014055329206652912,-0.022724046044184168
2020-07-09,0.013063062577617288,0.014493965410169741,-0.006578843304531855
2020-07-10,-0.01780268873298031,0.029065101765699014,0.0081323167108689
2020-07-13,-0.022743155035414284,0.02987336965381615,-0.0010578418023118575
2020-07-14,-0.020009209467328665,-0.00934590438124978,-0.021882319102899152
2020-07-15,-0.005397696687822594,-0.03882439229313361,0.028123804336148764
2020-07-16,0.008886178686896713,-0.0003254170721131983,0.0026212419092660174
2020-07-17,0.03322820740095358,0.036381317455023446,-0.015331036347627724
2020-07-20,0.031013064366543084,0.004280115448714806,0.0032433876003171206
2020-07-21,0.004842394810808564,0.02654698441021093,0.007737845909772294
2020-07-22,-0.010773140927971943,0.016325117492296558,-0.01544442794857285
2020-07-23,0.0035890976197042964,0.02649217340166074,-0.009055155680396382
2020-07-24,-0.01004666324480454,0.042038145909547055,-0.006376343093021384
2020-07-27,-0.03602676582022945,0.004671947375594763,0.022640125129738016
2020-07-28,0.006601504345809612,0.009921810906276002,0.045595691009304516
2020-07-29,-0.020500547295305743,-0.03792839601321731,-0.014697937124456545
2020-07-30,-0.013189991428912431,0.00580194206406629,0.001514665991516645
2020-07-31,-0.017135396563163666,-0.019996164394392616,0.0008330856336511239
2020-08-03,-0.030275554334729126,-0.028509586210820836,-0.012016295761017268
2020-08-04,0.038807943116830404,0.06810976982610627,-0.001975768740576829
2020-08-05,-0.01362862073705623,-0.01129293006467304,0.00434630278123689
2020-08-06,0.0127160841874755,0.0035910916251075094,0.02128112469607332
2020-08-07,0.003022299000581871,0.005770252430088667,-0.005539346687656201
2020-08-10,0.00649324533006108,-0.012469976726685131,-0.005482399140268956
2020-08-11,0.015113857753440695,0.006559115211485093,-0.0012710990996100552
2020-08-12,-0.002769344253674313,-0.002909852258586342,-0.009940129063814945
2020-08-13,-0.004381072230075459,-0.0026119990189223804,-0.0012855569875244361
2020-08-14,-0.023502593952229034,-0.003895252375786344,-0.005471045047396021
2020-08-17,-0.0016447282628911793,-0.01067751336861312,0.005005315245167395
2020-08-18,0.02273634024657195,0.012922144682760024,0.007229392232616129
2020-08-19,0.00951451301342427,0.006117462226177692,-0.005810589275027572
2020-08-20,-0.007150995735434114,-0.016317835649526068,-0.0016627814504664926
2020-08-21,0.024853828222368524,-0.007274605470138205,-0.0018884803385719338
2020-08-24,0.028512494769028892,0.006654513631144733,-0.00022226969847344164
2020-08-25,0.002369485624172166,-0.00653447862250699,-0.0024272530395804655
2020-08-26,-0.001116969358004025,0.026166375728145855,0.004826334900888617
2020-08-27,-0.005693686120760927,-0.012571083973128066,-0.002265714113853751
2020-08-28,0.002155918609945731,0.0026261503542658925,-0.00439060485160418
2020-08-31,0.0012103335289462196,-0.01689399134704271,0.008318974737723814
2020-09-01,0.010209101431224017,0.00314294381544894,-0.004840425865432871
2020-09-02,0.006057939996080355,0.019429124113960732,0.008333979611180164
2020-09-03,-0.002869655126063312,-0.0075937195867998636,0.015050940101920552
2020-09-04,-0.010310121228888811,-0.016637918655379325,-0.004664286189193716
2020-09-07,-0.007893305658631347,0.002596287489217534,0.016573848885130145
2020-09-08,0.0017545165883854168,0.011671477179396206,0.009047666174258916
2020-09-09,-0.014441474187229044,0.02542037839042027,-0.008789767806943478
2020-09-10,-0.005441190768205156,0.06824455757631824,0.001502664864920023
2020-09-11,-0.010971895693612245,0.0024817083335553786,0.01825648461901768
2020-09-14,-0.01937737468329652,-0.007442017525323018,0.04822623882846607
2020-09-15,0.011792868137101967,0.007054248006778348,0.0
2020-09-16,0.021394904560920303,0.002454837528811363,0.004645564116689039
2020-09-17,-0.009231936691670183,-0.011160733686416345,-0.016942638984658764
2020-09-18,-0.024570290361972762,0.003018711112399828,-0.004500614572002287
2020-09-21,-0.007595143166944569,-0.021857498494501856,0.00626660953549902
2020-09-22,-0.013335492395190563,-0.02001407763275946,0.023115375546392
2020-09-23,0.01137978430874026,0.008847509630527682,-0.022243672815957006
2020-09-24,-0.016220550862764586,-0.022485023512353413,-0.056351718730753085
2020-09-25,0.013112465054189358,0.009354597841544084,0.03788380431032754
2020-09-28,0.009722581634109552,0.006586793937828786,0.0016502001308861855
2020-09-29,0.007889727432293617,0.012911200116332578,0.025272315966284365
2020-09-30,0.014991974022586745,-0.004777436508283478,0.0015661919293316476
2020-10-01,0.02594464017189413,-0.004081085146303992,0.012421042611897599
2020-10-05,0.006662855343783267,-0.005881780197448992,0.06977024930825204
2020-10-06,0.02634696747222844,-0.0008366472960658936,0.003136905824672527
2020-10-07,0.015739471210936804,0.02110718215996577,0.007944403548216104
2020-10-08,0.02510700987749303,-0.008117073565847475,0.03227744678455089
2020-10-09,0.03443138259085716,-0.002593489628140007,-0.004522184432788737
2020-10-12,-0.016263676465872068,0.0016106016701136479,0.006042642353839879
2020-10-13,-0.012603474226130916,0.019324393264751907,-0.0012196609478970126
2020-10-14,0.01083027420182231,0.002977041173715093,-0.001760165288702351
2020-10-15,-0.03549689012874898,-0.036051982385501016,-0.024865282661006304
2020-10-16,0.025417334712926506,-0.014011091462337857,0.008248409262638638
2020-10-19,0.0034958861797377097,0.00018379423501612137,-0.01890488072645801
2020-10-20,0.016807718265577615,-0.009371943285870788,0.01007227383325614
2020-10-21,0.018416674268437568,-0.014624786250572626,-0.023493946010163445
2020-10-22,-0.010806467431032193,-0.008342091339034494,-0.0015896643403866735
2020-10-23,0.0020250893189867644,0.0028910606844918954,0.005841643549187534
2020-10-26,-0.020354706477793263,-0.04054012578996598,0.0005209113416694831
2020-10-27,0.018167511946539688,0.0026576829504562152,-0.021830889199542527
2020-10-28,-0.019241761282361634,-0.011394182682681431,-0.0030269102649485152
2020-10-29,-0.01869213301215252,0.007651562308848219,0.003976875804077576
2020-10-30,-0.003079002814775454,0.013525056748029335,0.01215688619991462
2020-11-02,0.026431233883477373,-0.09011798236577316,-0.022868744270090856
2020-11-03,0.026552358467633146,-0.01451267541450039,0.011072636629991195
2020-11-04,0.007544045452703101,0.03337535667024608,0.007396103030054629
2020-11-05,0.009340566777003612,0.02161301815196004,0.012193716158885124
2020-11-06,0.02984494326790554,0.03722680912894186,0.00806579356171374
2020-11-09,0.024848341798094708,0.010564163769782328,0.00704821875942863
2020-11-10,0.038846302412804005,0.016371832235733144,-0.02864656851754424
2020-11-11,-0.002658547944522213,-0.04280684285205481,0.014314289008228016
2020-11-12,-0.013217028395601736,-0.00864939310020452,-0.006251320324691669
2020-11-13,-0.009448740903814876,0.008248748747007456,-0.005330688931462504
2020-11-14,0.007989645509970203,0.0029510107515376004,0.005068446255583734
2020-11-17,0.027898195800981945,-0.004530038604599446,-0.0016114369855366557
2020-11-18,0.00017742565281962905,-0.003039922666899384,-0.01488900763600246
2020-11-19,-0.024686313371887876,-0.00709525571751013,0.0038947711069191545
2020-11-20,0.021094987379329914,-0.03804059657270036,0.008816201609669594
2020-11-23,-0.006468344260347633,0.026597598740382852,0.023773091428718064
2020-11-24,0.030784810010885694,0.006820351628149803,-0.0008079280022792087
2020-11-25,-0.024922232869752006,-0.0083080900309347,-0.007652194412925118
2020-11-26,0.016858895879067193,0.0024612387793049614,0.0071194719713262924
2020-11-27,0.009904113923024076,-0.011745440544619564,-0.015166364655867001
2020-12-01,-0.00525363019134923,0.012922733693087473,0.01744252868579482
2020-12-02,-0.01855538452321378,0.0016611265920979984,0.008308754454478937
2020-12-03,-0.021371741883070276,0.00300843151106391,-0.014691735269742797
2020-12-04,0.006080806101270812,-0.00884733104989242,0.006657942560869034
2020-12-07,-0.009681442998753079,0.005864301072199309,0.0037143195139918567
2020-12-08,0.0029468967565797156,0.017991646564879036,0.0215367567771036
2020-12-09,0.022203279553439627,0.016514882528433042,0.004814480635938902
2020-12-10,-0.015288381976358208,-0.009891074968401735,-0.009472467824023847
2020-12-11,-0.0022031810150927402,-0.0005981244889976298,-0.00025157472025432977
2020-12-14,-0.007731502367882796,-0.007255225879869878,0.005052527989241503
2020-12-15,0.013859648125045306,-0.008548544702619676,-0.013005581592016056
2020-12-16,0.013847446469116722,0.0011137305174373818,0.0188859680103943
2020-12-17,0.02180642470715978,0.004568293396869325,0.008491937398167847
2020-12-18,-0.021345682096185193,0.0029919464606888114,0.00800141778754803
2020-12-21,-0.027803445075084744,-0.026379841001434586,-0.014381503735361054
2020-12-22,0.00032774580104547767,-0.0015478236651296602,0.018392840930339934
2020-12-23,0.001855355696645146,0.0036850748384975826,0.012540858616191555
2020-12-24,0.01547227837756005,0.025547281841168782,0.00020608939175263542
2020-12-28,0.011210234905158187,0.00457792663960355,0.006867592502967685
2020-12-29,0.010105496523415717,-0.006636015109112864,0.0003758130388839888
2020-12-30,0.003706827837070739,0.0027348913887000285,-0.007260691761805252
2020-12-31,0.0026492308696503715,-0.005124634731768156,-0.01612983461539683
2021-01-01,-0.007863466762817635,0.001107591066458267,0.022622217389394565
2021-01-04,-0.006370988828001165,0.001684074760691832,0.0372717828218748
2021-01-05,0.00752811502885517,-0.012509829429839706,0.01746494853778664
2021-01-06,-0.004320035232844953,-0.026725985058884447,-0.013508239321967172
2021-01-07,-0.0030315093020059827,-0.0016207505556279519,-0.006147118526270304
2021-01-08,0.01081500091375745,0.011730151212444948,0.02863519637398533
2021-01-11,0.013735456552644139,-0.019029853537338683,0.017642749757672126
2021-01-12,0.02015449623755069,0.03103286753721474,-0.0005038513057632995
2021-01-13,-0.007013123603271208,-0.009369007472375021,-0.005020600363467973
2021-01-14,-0.001292756019451271,0.01118122691809145,0.03053193769756195
2021-01-15,-0.0014307226739166815,-0.011877760531238754,-0.005351773820714957
2021-01-18,0.011153558688963056,0.023717061296409988,-0.0035939684603177595
2021-01-19,0.013894048846596986,0.016223906970791936,0.012017212370938758
2021-01-20,-0.007911063818739943,0.018816189560984686,0.014643581189760679
2021-01-21,-0.01159507661447384,0.021521648832070656,-0.01061874822425976
2021-01-22,-0.0214169964007569,-0.024006893488687255,0.008894627570967876
2021-01-25,0.013281191087603538,-0.05444130834107588,-0.003578864552189026
2021-01-27,-0.037080615437789,-0.023984487887251448,-0.009233247798310518
2021-01-28,-0.0274374469607169,-0.009783867829928256,-0.019977094612653717
2021-01-29,0.013794932386737953,-0.018610218910543232,-0.0270155824156693
2021-02-01,0.06018016934410656,0.028552413385223952,0.008959297124195372
2021-02-02,0.05519473891531362,0.01596432775764874,0.020212389995209138
2021-02-03,0.009089903368448534,0.002515292890830591,-0.0010618677747599177
2021-02-04,0.002726795874572712,-0.0032944911514428943,-0.0036315182699382022
2021-02-05,0.01164739183828688,-0.000285909330364893,-0.009611980279066621
2021-02-08,0.004776998742544597,0.014296233693170525,0.017624375944274826
2021-02-09,0.004103114065447898,0.0024056496890506925,-0.011641349600584305
2021-02-10,-0.01885075762507746,0.009235635721216395,0.01139242743310065
2021-02-11,-0.005960466475983226,0.040402500702623294,-0.0022743229258305846
2021-02-12,0.006087005192427835,-0.006882575007889388,-0.0047523191223715604
2021-02-15,0.02166679238911496,-0.004418105283900824,-0.01609671341645714
2021-02-16,0.006197534940554263,0.013147491569098264,-0.00993831653061627
2021-02-17,-0.02499246160308832,0.01146594889364999,-0.01154971271964714
2021-02-18,-0.020504884070902656,-0.007492321303348125,-0.005138585164024462
2021-02-19,-0.009827595527273709,0.006075205121260899,0.004731444364599591
2021-02-22,0.005765921572971653,-0.03532309360951607,-0.037614430982472094
2021-02-23,-0.012251660205038697,0.007614982886328181,0.007325129497975718
2021-02-24,0.0493147823325675,0.01838740794570976,-0.01082956891304779
2021-02-25,-3.11307276512748e-05,0.03964512879266032,0.01588361296114525
2021-02-26,-0.045856210180284594,-0.027683987289997724,-0.034301321159522086
2021-03-01,0.015841017872693233,0.007594056703122403,0.010277562971854486
2021-03-02,0.005947961433226571,0.0020437859960045894,0.0277059695137529
2021-03-03,0.011822587124497373,0.04462110256733739,0.01739408204578695
2021-03-04,-0.022174337043757618,-0.011992083999357056,-0.0030777261766943296
2021-03-05,-0.014309026920594924,0.0013089597493919005,-0.013751117370667679
2021-03-08,-0.006886402195526832,0.005675348470777194,-0.000365866287377358
2021-03-09,0.027905805180659358,-2.28238618038895e-05,0.01452682111369189
2021-03-10,-0.004329163329406228,-0.004161904687834502,0.006533884025078404
2021-03-12,-0.002445740388794427,-0.02053521613577749,-0.004241996807629669
2021-03-15,-0.015127067526234854,-0.013517260120645335,0.002677643420058739
2021-03-16,-0.01085256071715753,-0.00394339523696917,0.014216223465433
2021-03-17,-0.011172184871412371,-0.021776824440699127,0.0009320236092773998
2021-03-18,-0.002913275543841555,-0.022759330590637415,-0.024865266873686984
2021-03-19,0.0043500393787849435,0.035642082186334134,0.004501624167304576
2021-03-22,-0.01911300286698886,-0.009458662514097112,0.02571411098380157
2021-03-23,0.020881036409405005,0.012096883668264427,0.004129210018684236
2021-03-24,-0.014334110235443594,-0.019445372214119516,-0.006864771234093334
2021-03-25,-0.010502800741512663,-0.02765885184062425,-0.01818699247227023
2021-03-26,0.018920061987632613,0.0016055929843848986,0.0006361208802773758
2021-03-30,0.040990967203688985,0.01722227289706289,0.02947841533222768
2021-03-31,-0.03941645666465932,-0.01299495012878636,0.00609163439375024
2021-04-01,-0.004630246578848683,0.009316993065622538,-0.004051927557676417
2021-04-05,-0.025304966260293917,-0.01457250532155353,0.0230807865863737
2021-04-06,-0.006470889376331087,-0.004174103415390805,0.00793412965881661
2021-04-07,0.004813850076643212,0.0093048463170836,0.0020502553185558817
2021-04-08,-0.010000045391076684,0.0012474615624339467,0.013948226091250973
2021-04-09,-0.007741954860366327,-0.011686916567534135,0.0014758017197606462
2021-04-12,-0.03923328920427786,-0.03642657549357079,-0.02304925677466763
2021-04-13,0.024066936396795392,0.01074706176869681,-0.04488520787180376
2021-04-15,0.02102221051275263,0.006449831706390215,0.03634762167141484
2021-04-16,-0.0010145257926528206,-0.006294520877270022,-0.00742140044714242
2021-04-19,-0.01143939489034034,-0.01585926217217848,-0.01049230967338496
2021-04-20,-0.014979948209679685,-0.000289237089487774,-0.00547082186949529
2021-04-22,0.022105397405249957,0.002757672439144749,-0.008222442104068283
2021-04-23,-0.005887236030166926,-0.001075881853609591,-0.0029864378735040744
2021-04-26,-0.006633640421252773,0.017438362931883628,-0.002801790413812904
2021-04-27,0.02384483973896363,0.02587687927000678,0.010011826444889765
2021-04-28,0.02613778040684309,0.004340140761248302,-0.002525624543266827
2021-04-29,-0.002916047565509079,0.013304325507360618,-0.00283676121518747
2021-04-30,-0.04174196229655709,-0.014707045301733473,-0.025883950588822997
2021-05-03,0.0015211881369325997,-0.017933763260777866,0.00044461657512997793
2021-05-04,-0.018624887521967216,-0.021906925580126236,0.0041894255971668725
2021-05-05,0.010211697838817476,0.0018245263520150314,0.014954328819502842
2021-05-06,-0.0012127173822302879,0.0056606864216580234,0.005074918945508684
2021-05-07,0.009837747453392045,0.00038839266632283815,0.006870136629451225
2021-05-10,0.003598602450061119,-0.0028771969963381,0.004013740436433017
2021-05-11,-0.011546607160880558,0.003601585220577069,-0.007306727706807702
2021-05-12,-0.0028896917312679084,-0.010399715151216146,-0.011272031088320669
2021-05-14,-0.009080047950914829,0.012544200199451811,-0.011760805894760968
2021-05-17,0.037781745992689075,0.011827861933283506,0.005962886294620393
2021-05-18,0.024993163984017942,0.013980873205890799,0.006186476626413772
2021-05-19,-0.012607107260114896,0.004567130216285469,-0.0022039077899113427
2021-05-20,-0.017572252038336598,-0.005850637761453459,-0.007163644788164544
2021-05-21,0.04403292721506139,0.008600928775587498,0.006676981629540275
2021-05-24,0.008413057615765338,-0.00847513040225868,0.0003246398870990437
2021-05-25,-0.020744185873064654,-0.01139588921984671,0.015371079648148172
2021-05-26,-0.001285409270304519,0.003508532253873995,0.01418927245490169
2021-05-27,0.003784171477790155,0.0030663456601794175,0.006783837544683739
2021-05-28,0.013931414230663661,0.05833285477435228,-0.01151258545864456
2021-05-31,0.00821393060549915,0.030789072934034132,0.004934486934739623
2021-06-01,-0.0027415709798124474,0.003972918951293659,-0.0019488942223919235
2021-06-02,-0.005106534118491079,0.014805280693731151,-0.007497017523470392
2021-06-03,0.010943938876534276,0.0038087521398930554,0.003763569005259689
2021-06-04,-0.012974039401686515,-0.0087043107509225,0.0007956078851049676
2021-06-07,-0.0007331011146711957,0.016705181603265166,0.012470795279497937
2021-06-08,-0.011264324454521494,-0.005763172730294406,0.005310398308084499
2021-06-09,-0.0018560017849872375,-0.01804319290766026,3.129981090974148e-05
2021-06-10,0.0005065319195186506,0.003671504770434142,0.005158290332654473
2021-06-11,0.0035721171913346236,0.017196847630148497,0.017564081893803277
2021-06-14,-0.004653127443136638,0.014244199742202339,0.0007787339958268077
2021-06-15,0.007273531318056028,0.002269243792632457,-0.004159655452163034
2021-06-16,-0.00379843503079165,-0.017214092149581996,0.0035490656618278635
2021-06-17,-0.012539510695624487,0.00182963914741882,0.013167580951531222
2021-06-18,0.009301091155166764,0.004503138882055774,-0.0061829973490014605
2021-06-21,0.005996200842932841,0.0051984603570906195,-0.007366361510080359
2021-06-22,-0.0032968045678007335,-0.005153498802064034,0.008548414430508017
2021-06-23,0.0011451747079901586,-0.009207668816865699,-0.012129307883739867
2021-06-24,0.013871583949578633,-0.023791785756417754,0.033823939906845665
2021-06-25,0.005858294431051092,-0.02304033137943497,0.002131739021662542
2021-06-28,-0.004465074634755389,-0.008805758581449557,-0.013115091701493085
2021-06-29,0.00013312208815097377,0.0008624949813800583,0.0012282878427253997
2021-06-30,-0.0027667329425453257,0.010885128152848976,0.0014653719026016404
2021-07-01,-0.007471473262443704,-0.006035242427827578,-0.0012710974891859176
2021-07-02,-0.004280232980753687,0.014715073349133523,-0.004814774824139745
2021-07-05,0.010114827912615035,0.009885039258633549,-0.001338945050578089
2021-07-06,0.0259078129216925,-0.011883170943200433,-0.017833377979953272
2021-07-07,0.003122704366638389,-0.006966087308588947,0.003869747514373614
2021-07-08,-0.012451333852502052,-0.008304277276534452,-0.005035405194622369
2021-07-09,-0.012208723189536117,-0.01027913711512113,-0.015572660065818358
2021-07-12,-0.010037008511061702,0.006208988692581963,-0.004702159697709637
2021-07-13,0.009937037449745533,0.007457294229312082,-0.0017396736783308667
2021-07-14,-0.0017993117617720942,-0.006546103592617865,0.008434955450151792
2021-07-15,0.014272328322786543,-0.0017512850237140429,-0.0014354565407520502
2021-07-16,0.0010844223346885798,0.014327679804267643,-0.0025477885846523747
2021-07-19,-0.03431263274147103,-0.0063875795399171865,-0.0031975980801767683
2021-07-20,-0.019114321217893998,-0.0024566764987059586,0.006634943057062709
2021-07-22,0.0038384738508380595,0.012765740945920602,0.0032854577186877156
2021-07-23,-0.004115604342039828,-0.007098309373725821,-0.001088864116725829
2021-07-26,-0.005699861473182003,-0.013795544637052242,-0.004773288910085115
2021-07-27,0.0036183087721633313,-0.01057657139661147,-0.0045765992873365415
2021-07-28,-0.015715768030577077,-0.008625851949891914,0.004654699041599847
2021-07-29,0.0006700075201018572,0.007773921255588297,-0.0006256255741574969
2021-07-30,0.005765002003329198,-0.008780596344503084,-0.008910582361575941
2021-08-02,-0.0026673757140877738,0.018112345623675773,0.016268124289197453
2021-08-03,0.008434397057563468,0.007331288185471348,0.020141281192396446
2021-08-04,0.02110436567749948,0.007634531737671153,-0.0033389704411997873
2021-08-05,0.013253648623838888,0.0143938253788129,0.0030497585113363323
2021-08-06,0.005239353580258044,-0.021405813328547293,0.007840543214377105
2021-08-09,0.007508697690364828,-0.005712730600552639,0.003890035752154408
2021-08-10,0.0024904222708416867,0.005233781804341132,0.0033649741293829897
2021-08-11,-0.008459434855401076,0.013911126647704343,0.0030849006262215735
2021-08-12,0.0043052502954833,-0.0032167489921456657,0.0022551264769510985
2021-08-13,0.01638293776424879,0.016517656803373748,0.032767950908870365
2021-08-16,0.002878758822072285,0.012896194456545633,0.0027537927980291928
2021-08-17,-0.010475241936273019,-0.004264804386511018,0.022801995180364968
2021-08-18,-0.0010900225970912087,0.003873652817670874,0.0021086375406402787
2021-08-20,0.0011559388495023576,-0.011294034739212293,-0.00029475010489120584
2021-08-23,0.006481710268026704,0.006542026976467898,0.02164884689945963
2021-08-24,0.022216277012554065,0.00982514413400827,-0.006675377399437354
2021-08-25,-0.0009305445383542187,0.008617754246855718,0.012596107875974039
2021-08-26,-0.0016708590086799726,0.012564839033496943,0.0035057931174222387
2021-08-27,-0.00409251314332398,-0.0013683544151221652,0.01306832382296521
2021-08-30,0.01270581020402006,0.019054970758851035,-0.005079795279780767
2021-08-31,0.008350270137964157,-0.00534401848481408,0.022744666854690624
2021-09-01,-0.0014554542361763963,0.0039555884006813894,-0.019063684749004564
2021-09-02,0.006249810494221793,0.01196988524125826,0.03226052932106237
2021-09-03,-0.008183050480473388,0.04019410059605331,0.0013803830880514674
2021-09-06,-0.00658881706972496,0.015413471180886238,0.0025864562333868884
2021-09-07,0.0022647535962775074,0.006287809758085501,-0.009415931106109282
2021-09-08,0.004546008763504741,-0.003920231160801279,-0.01100156285508536
2021-09-09,-0.004960390499695507,-0.0023675785972842272,0.004560360065800851
2021-09-13,-0.008354181621174211,-0.022535190187615465,0.014129389113966238
2021-09-14,-0.004510199164088122,-0.0013079864057763595,0.010489677857006437
2021-09-15,-0.0011306940184006534,0.004150202027899821,0.01751247704791117
2021-09-16,0.008465330187491089,0.020764179275436338,-0.013044664185418385
2021-09-17,0.014131020496982073,-0.015626743294607028,-0.01951903338281844
2021-09-20,-0.014195108813822847,0.0015884516163330727,-0.0011370405835069424
2021-09-21,-0.005077402545653318,0.0043133292057585286,0.010265082652907152
2021-09-22,-0.011829143614768675,0.010671894377985302,-0.00020728002566461625
2021-09-23,0.023392567439745375,0.02414540626353795,0.0018366528701049452
2021-09-24,0.019896363231516837,-0.002895775874614277,0.0005297052051809681
2021-09-27,0.014597346865483241,0.016676546084894394,-0.008912709996058645
2021-09-28,-0.0062033582642403206,0.00930510554520367,-0.015178622315308423
2021-09-29,-0.01321348739900021,-0.007959181136681232,0.003368165251795807
2021-09-30,0.0006898776963067978,-0.003407988466614058,-0.004321131028608433
2021-10-01,-0.007710065002913681,0.001764900024482558,-0.012084271009547952
2021-10-04,0.0019252058804449584,0.012776129036124519,0.011488084237952247
2021-10-05,0.006098289923630891,0.020541395619576817,0.015776100430191557
2021-10-06,0.01211728518368754,-0.01909502372742582,-0.005860682902150468
2021-10-07,-0.0027283576401388506,0.004890710902846443,0.02128913393555573
2021-10-08,-0.004886255144493259,0.037707225434751135,0.010921469729903691
2021-10-11,0.019250144228184576,-0.00698752528931953,-0.06564260756710415
2021-10-12,-0.0025740512460417915,0.005695069488769586,-0.008925649299689021
2021-10-13,0.00599574107512935,0.010125520612901676,0.0006431838156930635
2021-10-14,0.028858607377752078,0.002020280348693867,-0.010124482336110217
2021-10-18,-0.010185611370942956,0.002662833193365279,0.009836576086904133
2021-10-19,0.01095573766846141,0.00891631464019967,-0.003570788317071848
2021-10-20,-0.008832660366014867,-0.011579147833565038,-0.006986036153566186
2021-10-21,0.0014626990535375737,-0.029271775477885665,-0.021383350148380463
2021-10-22,0.002651027499189278,0.0018666524548976123,-0.009571272646681624
2021-10-25,-0.01423133462833698,-0.00979124583326919,-0.0016876945904627726
2021-10-26,-0.002568170394913764,0.022517169977586255,-0.002967742035937006
2021-10-27,-0.006038560285219338,-0.012725924144317178,0.002050951694604526
2021-10-28,-0.030406409940839044,-0.011022074159667564,-0.019707108394279336
2021-10-29,-0.006768624193926819,-0.02428599267487266,-0.007009625853693445
2021-11-01,0.014083816385451413,0.0006108848277141785,0.02288374744700423
2021-11-02,0.0009027908101306785,-0.014687012360136899,0.0022413637302404516
2021-11-03,-0.01587146838930169,-0.006901416188816943,0.0023078037860239527
2021-11-04,0.007873067044513106,0.006121422843938313,0.004684988982814515
2021-11-08,0.003944647081819996,0.0012397728489705845,-0.0016826782701955503
2021-11-09,-0.017652099763511824,0.00786292136615653,0.0008415436886113245
2021-11-10,-0.01087140641644965,0.011120850050437737,-0.006122877310979887
2021-11-11,-0.004478827828995811,0.0018220545189865317,0.0011185809504329644
2021-11-12,0.003031029278831248,0.014977840029056144,0.010792490525552883
2021-11-15,0.002732817979455119,-0.005917657406242217,0.0076985343795048225
2021-11-16,-0.005957654120929319,-0.023511152860070005,0.0008719099511055308
2021-11-17,-0.011173177027502128,-0.021639128673802598,-0.009748228919871345
2021-11-18,0.005602234994226164,0.0037672655666187984,-0.013204544348509038
2021-11-22,-0.015746352081380092,-0.045304064712205515,-0.004990059067589134
2021-11-23,0.00013202066687421468,0.009306132588540844,0.0016903322955756136
2021-11-24,0.0016481569947222592,-0.014544581990471659,-0.006065947827499698
2021-11-25,0.005190493750846491,0.058455853485970925,0.0007548640765153028
2021-11-26,-0.02390806514283973,-0.0327616937480213,0.000275549475846173
2021-11-29,0.007589014208773083,0.011907623583335164,0.015873598572387886
2021-11-30,-0.005142238527430185,-0.014896541331084489,0.007722785116985312
2021-12-01,0.007404490627155224,0.02528679438905008,0.013690988784287964
2021-12-02,0.013925845781578832,0.006404236949619836,0.01803202560602489
2021-12-03,-0.008028181910027528,-0.03050675251917614,-0.0006728161750967253
2021-12-06,-0.00646270472482623,-0.019137626007616784,-0.028997988832258653
2021-12-07,0.014457998869217045,0.008114771722742229,0.013509730561822683
2021-12-08,0.018250316322928475,0.015104607855121263,0.011759226127923048
2021-12-09,-0.01749677012292399,0.01573511527602898,-0.006958322426440369
2021-12-10,-0.0028201765282419213,0.0010172260637691796,0.009684336183395004
2021-12-13,-0.007515651630561374,-0.020252960314668386,-0.007493547696141551
2021-12-14,-0.005773801494279516,-0.012317976021330466,0.003912507265464725
2021-12-15,-0.0016320876711531252,-0.002924334066406919,-0.01485954121025868
2021-12-16,6.664535326267331e-05,0.012853162795981669,0.0031461225470112804
2021-12-17,-0.018196603043770836,-0.026749107097964447,0.000767437032674259
2021-12-20,-0.032707134624395263,-0.027330730656292535,-0.007687900183739819
2021-12-21,0.01126442486855155,0.014775957361961547,0.014347457635735488
2021-12-22,0.0023552447203439306,0.023454565920065073,0.006202446507663072
2021-12-23,-0.0007613892988368147,-0.000359306189382013,0.008761334276828642
2021-12-24,-0.00360730092931316,0.003187000513431304,0.00223625609922656
2021-12-27,0.008236140048679412,-0.001075259652359225,0.006841365337579922
2021-12-28,0.0068691572979663156,0.011806298494759096,0.0028231852828980654
2021-12-29,-0.00476910415044465,0.001708167451930004,-0.0032021735248765676
2021-12-30,0.005248216831377631,-0.018229692830013487,0.010513925352329334
2021-12-31,0.012173375745418779,0.0038288433347834377,0.0012312576693535927
2022-01-03,0.02684339367384914,0.01496247663416993,0.02101686467435742
2022-01-04,0.005839451288206542,0.022317049187381043,0.017397314353042412
2022-01-05,0.023470380314740906,0.00466761174165105,-0.006145250227381023
2022-01-06,-0.016169810432244025,-0.021736030784476758,-0.01395377575896162
2022-01-07,0.0069896267358343185,0.008037166278625664,0.012022327761549111
2022-01-10,0.005531073839481033,0.0008207150461775158,0.006814670378128337
2022-01-11,0.004319969722590353,0.007172828181696864,0.009248607868965817
2022-01-12,-0.005924727662595505,0.026344355990614736,-0.014404005487993527
2022-01-13,-0.01857650172369387,0.00561662689903509,0.009796741318759732
2022-01-14,0.011161396461475787,0.0014583634214436882,0.017862054858357037
2022-01-17,-0.01542426729680937,0.00520501231385211,0.012770443647294998
2022-01-18,0.0050807418514994965,-0.012002346638362202,-0.00712874813563339
2022-01-19,-0.007087411321595845,-7.92618643928984e-05,-0.01745997352264581
2022-01-20,-0.006242928128535626,-0.01766375445458852,-0.02276231719285321
2022-01-21,0.008315301226248658,0.00016144994814371562,0.0018145498672718639
2022-01-24,-0.023237171216599975,-0.04117356174166503,-0.016345229650379937
2022-01-25,0.000941346072088671,-0.001957431839040507,-0.00038463915703608237
2022-01-27,-0.008842506103342166,-0.014921752633142878,-0.032526666242011136
2022-01-28,-0.007964085878249177,-0.000962751430219475,0.011118279606168792
2022-01-31,0.015225988783383715,0.02149401587886954,0.012442468620018788
2022-02-01,0.007577039678675425,-0.003315803726574188,0.017089733349117
2022-02-02,0.02258859362596895,0.0020368109717476186,0.014510086168372493
2022-02-03,-0.01040522579902929,-0.013005976153561397,-0.00822853187893888
2022-02-04,0.005692034159768996,-0.009158997797566267,-0.00253933543440307
2022-02-07,-0.03733539899566012,-0.006109498250305496,-0.00945493586580925
2022-02-08,-0.004300252115393237,0.016670043222395462,-0.009451901741970187
2022-02-09,0.024160941171967834,0.011583576900320205,0.0045577829200731095
2022-02-10,0.01819619563808588,-0.0010284571924433236,0.002602538578228019
2022-02-11,-0.004106471439782402,-0.00195472737152822,-0.02020085684921174
2022-02-14,-0.03017726555558333,-0.016055795941976907,0.01044594125070646
2022-02-15,0.029485785619392052,0.03338907960453159,0.022261356064419556
2022-02-16,-0.001351629025680694,-0.002069927674330476,-0.0012318118046194416
2022-02-17,-0.006121269648546947,0.012581189432503272,-0.0076080611601850485
2022-02-18,0.003875602910802035,-0.007847278761033348,0.0025600476863650396
2022-02-21,0.006426201516913459,-0.010157060231054034,-0.019832153289469395
2022-02-22,-0.007517713446218152,-0.004552250006867949,-0.03641341798887756
2022-02-23,-0.0065081971231343155,-0.006277391262994395,-0.006321508625981482
2022-02-24,-0.05583073552065458,-0.05111502257027696,-0.046566849326858194
2022-02-25,0.02552737119630446,0.01242410675245259,0.03441337625155312
2022-02-28,-0.020712980613195917,0.03256436956019165,0.009456073580510111
2022-03-02,-0.03714046093276178,0.016393524356206026,-0.002267678338453563
2022-03-03,-0.002367748341560663,-0.008478385399021815,-0.0004935008603721097
2022-03-04,-0.0032877613081322885,-0.02242940634880095,-0.0056728104176478715
2022-03-07,-0.03099119399155932,-0.03768153043952263,-0.01125676805020577
2022-03-08,0.002261960422405553,-0.0018101555086868972,0.0324806609490411
2022-03-09,0.03212632006881786,0.051693608058976055,0.009028779068813208
2022-03-10,0.01559462375671695,0.016075802320258882,-0.003212352483265468
2022-03-11,0.0029394892376096563,0.0028801417974096168,-0.006038689608136856
2022-03-14,0.03222848765315892,0.00817780051741473,0.012109723000582105
2022-03-15,-0.012942477696072036,-0.02316980983344518,-0.013569419410995374
2022-03-16,0.016817018224771715,0.016741226556596926,0.017104364640632995
2022-03-17,0.021789044672860174,0.032080125584901496,0.004598432039565384
2022-03-21,0.0043484118887080385,-0.005778785897347968,-0.012617735826942936
2022-03-22,0.005133152662859677,0.025508722828730495,0.020266583179785514
2022-03-23,-0.010022337629731842,0.0031753383017086526,0.003088883408257757
2022-03-24,-0.025053423961911334,0.015416879971622196,0.010037364536027165
2022-03-25,-0.008178101512903234,0.0066480776221964424,-0.011371494679803423
2022-03-28,0.0013268430060723838,0.010004379074100544,6.732331694151942e-05
2022-03-29,0.013173814466136509,0.00022866771806706707,-0.0006339351839776594
2022-03-30,0.01717482863247684,0.019035783515641024,0.007046053799818026
2022-03-31,-0.004478616136204754,-0.014394469022783875,0.0022485019350044805
2022-04-01,0.023956552789810192,0.007976403016662605,0.005014122978739084
2022-04-04,0.09543102940054357,0.0029514383681434036,0.003081456218241866
2022-04-05,-0.02974146686338852,-0.014235386208026559,0.011720344044593259
2022-04-06,-0.03634334523471942,-0.002669116604246052,-0.01570673167871449
2022-04-07,-0.022233420719756408,-0.017797383233697037,-0.019141793654920133
2022-04-08,-0.001385355135154361,0.016498254620676413,0.0004071348811802528
2022-04-11,-0.012289383150756996,-0.0020857056903616873,0.002912487913258614
2022-04-12,-0.0017726607437932682,-0.019009485223935328,-0.0014349316882406387
2022-04-13,-0.019301385816901884,-0.0036772212285496424,-0.00792853537098838
2022-04-18,-0.0486042150018662,-0.0030616012978867003,-0.0372504878737263
2022-04-19,-0.0389068264486156,0.03740328348955603,-0.016043362864010372
2022-04-20,0.008974744630489166,0.028979950782352337,0.024159297943529917
2022-04-21,0.014696141652188226,0.023144241649425377,0.01999941529569453
2022-04-22,-0.01373678245884139,-0.00841026905498654,-0.004446782516729346
2022-04-25,0.007459641635516435,-0.02339753393189719,-0.01797347722753223
2022-04-26,0.004602327536272124,0.029486731271425173,-0.0005356667605990107
2022-04-27,0.00036424743502177647,0.0009722402337591871,0.0041927758796372625
2022-04-28,-0.0008746968683596377,0.014826527899231771,0.006465615522799099
2022-04-29,0.009615711928165004,-0.010552452571870478,-0.010545708084190742
2022-05-02,0.013700249952774716,-0.003518605514307115,-0.0012132105821231625
2022-05-04,-0.03457244293579084,-0.03171557711584637,-0.017843824782543965
2022-05-05,-0.0022518598597797506,-0.019777410783600465,0.009623719806578654
2022-05-06,-0.02647543768665488,-0.007697339114566178,-0.023266170797830537
2022-05-09,0.0017061420919645858,-0.03983830023411929,0.0036349154013984065
2022-05-10,0.015934850382971,-0.017485165040996186,-0.0018448022320757635
2022-05-11,0.005614280678074113,-0.010296652745410919,-0.0078095412054510205
2022-05-12,-0.02279955112390028,-0.020583558464801508,-0.0009822968562326606
2022-05-13,-0.009019494978767487,0.01127241656603181,0.0018319174418182256
2022-05-16,0.010591462225478306,0.0002471841254096393,-0.011219648979774947
2022-05-17,0.006796318838303491,0.04114504086819504,0.021909394814227916
2022-05-18,-7.607682414709766e-05,0.003630924489991472,-0.0008114810154831648
2022-05-19,-0.02064708918871117,-0.023316273360319016,-0.055701245225494495
2022-05-20,0.025998387910806227,0.05667336429949996,0.00947381844634693
2022-05-23,-0.01291470681304389,-0.006709454826321039,0.008692729358402613
2022-05-24,0.01139951114386313,0.00342721466337472,-0.010212245178705273
2022-05-25,0.007440385637876302,-0.001472877921432061,-0.030575974905621757
2022-05-26,0.028122666224173472,-0.009578715266476388,0.018547297074117196
2022-05-27,0.018378512278649096,-0.004649173826882001,0.01058844903606283
2022-05-30,0.0068012704774195465,0.03424070025684888,0.03434347687800576
2022-05-31,-0.0090307289965932,-0.012138225170895621,-0.0032344157031322126
2022-06-01,0.004238896713997655,0.00032302008531133133,-0.002723478949949827
2022-06-02,-0.007014639774521872,0.03389765535388215,0.02000605940912515
2022-06-03,-0.0034714046458341977,0.02005959152762599,0.004997613811183403
2022-06-06,-0.0013414001583447442,-0.004308600069733191,-0.0026777674493704048
2022-06-07,-0.01156488695189836,0.0018771361426031083,-0.020093101901162497
2022-06-08,0.00351651130286212,-0.017719840982606847,0.012250973686391338
2022-06-09,0.007504257787361816,0.027053123572851424,0.006719240670244353
2022-06-10,-0.019496303753499932,-0.030657196047369148,-0.01980322272843844
2022-06-13,-0.018299870306607725,-0.0191000726543665,-0.04265405944298316
2022-06-14,-0.011066507952592886,-0.013154642240679151,-0.002814803525934132
2022-06-15,-0.00347411465167536,-0.012173635260817006,-0.0013247879501677175
2022-06-16,-0.02020336106666196,-0.01408008073970688,-0.020257868627265235
2022-06-17,0.006573120330162873,0.011650578933976438,-0.017044707869387565
2022-06-20,0.024810848087876654,-0.01829371461499726,0.007578987666030725
2022-06-21,0.010832446882641024,0.016013107096726514,0.031484302217280075
2022-06-22,-0.004724739760514317,-0.030849045084672577,0.0034187162643432925
2022-06-23,0.003676746126087703,-0.016356774349605533,0.02628858701810197
2022-06-24,0.013871876163831795,0.014139387992504405,-0.004756039525078664
2022-06-27,0.0018080362505961056,-0.0029643986917918036,0.006537684340342774
2022-06-28,-0.007660624307544278,0.013963373868310043,0.001040143467133856
2022-06-29,-0.001449896352303688,0.020537735596774825,-0.008367773643098873
2022-06-30,0.003009026334288226,0.0059893934384707805,-0.007136780875283249
2022-07-01,0.004256445200835117,-0.07474973035249764,0.01458510031159758
2022-07-04,0.0014026335696769921,0.0020735763843036034,-0.02444344631489894
2022-07-05,-0.0022525305863741003,0.008066988706176633,-0.005812735203254964
2022-07-06,0.01369404221308738,-0.008833703170853005,0.013725484270337743
2022-07-07,0.017745142467521617,-0.009896050108050329,0.00827672562124279
2022-07-08,0.0009308421603572927,0.0013810386215038644,-0.006836413138843892
2022-07-11,0.006456832612163179,0.013498818054600873,-0.04755371862476552
2022-07-12,-0.010257593908925335,-0.0014244400626828612,-0.009389494152028057
2022-07-13,-0.024695376357687517,-0.01788285801355616,-0.015007980655601888
2022-07-14,-0.0050204163362980335,0.008209988730604802,-0.010614586485762327
2022-07-15,0.008108777359564886,0.0019379348167479333,-0.0013847683080566034
2022-07-18,-0.010702646146300359,0.008478407304182489,0.022747262079902374
2022-07-19,0.00037092463881677185,0.006111965730067559,0.0035030732612553205
2022-07-20,0.012531842167816257,0.026681034890292887,0.02902872552955747
2022-07-21,-0.003155020893126353,-0.006694225693209763,0.0039419520457584815
2022-07-22,0.023064721364982034,0.006734365422173653,-0.0019849158832852916
2022-07-25,0.002939874553566741,-0.03359725776967745,-0.0013411413460150832
2022-07-26,-0.002042596477372477,0.0004544134389427198,-0.016187795158507497
2022-07-27,0.0076122357030273995,-0.000950232228109388,0.023142447021356396
2022-07-28,0.008825911385329068,0.015544895921370497,0.022220060092827225
2022-07-29,0.012170991872571812,0.02108172710335974,0.012617630714370097
2022-08-01,0.008297677755812208,0.02572763307031421,-0.0009394439879623558
2022-08-02,-0.011055526393611433,0.003798823863268735,-0.002124178817138017
2022-08-03,0.0023394837272266707,0.008360786161170301,0.014386664176907609
2022-08-04,-0.001186510099412594,-0.013305973074775471,0.00461574324316625
2022-08-05,-0.003392866751883792,-0.01484585521034901,0.0030059658714520093
2022-08-08,0.024230143070407717,0.012997278605395228,0.002789412804637244
2022-08-10,0.0029027425998185453,0.0059616911310412,-0.006004018342750825
2022-08-11,0.01314377149288639,0.003324556038640141,0.020142991155996614
2022-08-12,-0.0003702057188380743,0.01604135554266229,-0.006139902316221629
2022-08-16,0.011381620408104195,0.006926212820163144,-0.002605343923498796
2022-08-17,0.005146025052388396,0.005210306884710007,0.002472957635342696
2022-08-18,0.001191294013840569,0.0018118884964127772,-0.005853520005983578
2022-08-19,-0.012413731272132647,-0.017990627227501506,0.001329842842239524
2022-08-22,-0.01532056494084011,-0.0027775880998801208,-0.009257636138702117
2022-08-23,-0.0030992153006359252,0.015304759493790013,-0.02107279376365296
2022-08-24,0.004798074684415812,-0.0026671857641922805,-0.008944883947613821
2022-08-25,-0.005446402146677186,-0.002921096111635665,-0.011477917687100906
2022-08-26,0.00017058506356224215,-0.00535249367990752,0.0012422506183992486
2022-08-29,-0.017697146549630883,-0.007803455810484807,-0.02821688748409241
2022-08-30,0.03192884439408174,0.015394849554381241,0.024781637103117954
2022-09-01,-0.009431249911784111,-0.029838522064794367,-0.02505312824507226
2022-09-02,0.009027498793609834,-0.011746561219103882,-0.0004151502783697969
2022-09-05,0.006408292033138713,0.015411157862552847,0.0009578109631584454
2022-09-06,-0.003819909786647265,0.010471123889246372,-0.0020285691568945378
2022-09-07,-0.004744792011914432,-0.005831729426352956,0.007185530611477654
2022-09-08,0.010268722632751751,0.0014126549428045913,0.006345513554484197
2022-09-09,0.0006675062757405837,-0.00624660718875515,0.015030000746960648
2022-09-12,-0.0033754596865649823,0.011127625341541008,0.007832233005185372
2022-09-13,0.01300477115598989,0.00831774362419331,-0.0042023121715972075
2022-09-14,0.010224486614056295,-0.012058383302297162,-0.0343198293107421
2022-09-15,-0.005214369502250356,-0.009959076424489798,-0.005156716122863827
2022-09-16,-0.01855062965362298,-0.025090782601979222,-0.0312964303215703
2022-09-19,0.006576863641055461,0.0012996451316059753,0.006658537712094574
2022-09-20,0.01197376601256756,0.00015974305772930775,0.003789726788105166
2022-09-21,-0.001546518298665666,0.0027532300981603394,-0.012943997489518896
2022-09-22,-0.021536244649332466,-0.009468115506068934,0.0020636931905202295
2022-09-23,-0.02718314899119739,-0.018922084839696495,-0.008465122755958105
2022-09-26,-0.013575737080915183,-0.025806605915756786,0.004133130305038096
2022-09-27,-0.009012531362110974,0.007918581105393828,0.0076681132743183
2022-09-28,-0.017336651167073402,-0.0269858348959353,0.006013485111842038
2022-09-29,-0.0051949947296421215,-0.0030701457224492417,-0.01271365316375039
2022-09-30,0.027822287366961903,0.022305659817230886,0.002415901229835844
2022-10-03,-0.005750574656454958,-0.0034756899919450228,-0.006545024559759506
2022-10-04,0.027773817804279927,0.018274582926007685,0.03496013773064742
2022-10-06,-0.011072765674010032,0.003681204800249113,0.003487988251734894
2022-10-07,-0.004323875149369068,0.004223023966504646,-0.012016102985800695
2022-10-10,-0.011104240056415969,-0.01097532886611561,0.01735333809282
2022-10-11,-0.010193110713149432,-0.02011118249531365,-0.015837068040359992
2022-10-12,0.006511516810348619,0.007331354039591415,0.010112851097496222
2022-10-13,-0.01155763619213712,0.00317358314070534,0.0008221261826922938
2022-10-14,0.032058065694859965,-0.0050909822707531594,-0.001338167925197508
2022-10-17,0.005233142332615225,0.015922575769739444,0.006641880719113252
2022-10-18,-0.0018684036752418332,0.017490308107336167,0.010533385178357954
2022-10-19,0.010198328801452237,0.017249563701038473,-0.007292696785857586
2022-10-20,-0.0067757881120351976,0.002683003487120721,0.011291375288142018
2022-10-21,-0.007065268740396231,-0.011665082940134727,-0.006322717538227024
2022-10-24,0.015485029596289803,0.003332351146502638,0.007715455500080621
2022-10-25,-0.006971374036028811,-0.015564938150256757,0.00012644215957846664
2022-10-27,0.002409412931952657,0.003924247259007903,-0.0014874422280039623
2022-10-28,0.0029520792353038305,0.0301391338390858,0.0018509968752837616
2022-10-31,0.02571717018869128,0.009240043853322536,0.009407861048157625
2022-11-01,0.010996986203579515,-0.007776526298894765,0.02062728124561394
2022-11-02,0.0006275142413284618,0.006226009613826822,-0.005537260741941156
2022-11-03,-0.004401395098248403,0.0037249852339895696,-0.010839758891105205
2022-11-04,-0.006922521352641099,0.014608126389686556,0.003315505877368372
2022-11-07,0.007751435118742629,0.005327540294968681,0.0050534162900446825
2022-11-09,-0.00029834658591191513,-0.0009978793465695124,-0.005473166355440878
2022-11-10,0.01081409393668812,-0.012170482182980705,-0.0032388284565588532
2022-11-11,0.055117723530582086,0.022789815112887364,0.03382918179907874
2022-11-14,0.0024177865333242666,-0.004856407675019316,0.005878447942853838
2022-11-15,0.002442748517784435,-0.004496450049525938,-0.0008697599412993956
2022-11-16,0.008548924658754294,-0.005750442651151132,0.006803221762978398
2022-11-17,-0.009074108436283734,0.0025812421258841777,-0.0018942199767152728
2022-11-18,-0.002629828935728401,-0.0005388672059551717,-0.0016585563513290555
2022-11-21,-0.010307696405946774,-0.018160901345048316,-0.018093277907368217
2022-11-22,-0.001472332092608824,0.0055316330246421245,0.009532601109545584
2022-11-23,0.0025985223065884094,-0.003123674945323913,-0.0020080362485029413
2022-11-24,0.01612797223391381,0.008586358378523175,0.021485519071620936
2022-11-25,-0.004625637815952955,0.01481722255586657,0.0028065364753853076
2022-11-28,-0.010814656232464815,0.033786369831734685,0.0016507265043910855
2022-11-29,-0.001500941337320865,0.0017159776393313598,0.0006184631400001099
2022-11-30,0.006612042464457137,0.00703590327471814,-0.0019298842329779165
2022-12-01,0.006846482685980926,-0.0029515949081900697,0.02471556646233017
2022-12-02,-0.00768614101823781,-0.00042249429065307375,-0.010557122536377273
2022-12-05,0.0036334907832468203,-0.014691466711492381,-0.003860176353692494
2022-12-06,-0.0011166279095057709,0.0028851023995050723,-0.011906836830185816
2022-12-07,-0.00043455494858109456,-0.014867250922943505,-0.001404027707626212
2022-12-08,0.005603833093077931,-0.000471700753270421,-0.008928818481782522
2022-12-09,0.007106560959339997,-0.015271304851960554,-0.017401405055143968
2022-12-12,0.007756160599293987,0.001531898889889944,-0.0019151780250812678
2022-12-13,0.002764239083270261,0.004543719688127049,0.013794781882675237
2022-12-14,0.008427665289141907,-0.003625685146571606,0.00992925821092902
2022-12-15,-0.018488367683615642,-0.01430564995538586,-0.018065035177011593
2022-12-16,0.0047990962246753435,-0.004957332968027296,-0.019816506970557184
2022-12-19,0.0031056186406850043,0.013049857209939984,-0.01185918671549905
2022-12-20,-0.006924598757158863,0.008619078499639532,0.013000561569827354
2022-12-21,-0.009720355882584476,-0.014329146906265999,0.007554482898878856
2022-12-22,-0.0034367483135243283,-0.002595792717811331,-0.0027112280417118276
2022-12-23,-0.008972922704462885,-0.029765932359445704,-0.009663840133854303
2022-12-26,0.019708762155950486,0.008694404300268825,0.007575685129589122
2022-12-27,0.0010120940661497264,0.008148054427931668,0.0020269873130206134
2022-12-28,-0.0007972489011737747,-9.818134248364915e-05,-0.0007366037906191766
2022-12-29,0.007031277970786514,-0.00045219821291116446,0.0035703139177334043
2022-12-30,-0.008044257374367153,0.001532290546323985,-0.003693226505310805
2023-01-02,0.0003376184489072925,0.01120429610027188,0.0014575631515541868
2023-01-03,0.006517771954020835,-0.007344801694659132,0.015184014293173802
2023-01-04,-0.018034589565544146,-0.015170868922146408,0.0009961175007400986
2023-01-05,-0.006449140002995404,-0.0017882873194773705,-0.0010716970325752757
2023-01-06,-0.0033185999999872165,0.009047800671120399,-0.030526643114951693
2023-01-09,0.0019423762195424968,0.023336962093022672,0.03319599494594514
2023-01-10,-0.01844762415684862,-0.0148977573103963,-0.010156881849708524
2023-01-11,0.01430771131200993,-0.012685613160862096,0.012788945937413752
2023-01-12,0.0053286567521224175,-0.021830794094339804,0.0016960307977331897
2023-01-13,0.0007812505648901157,-0.0016195638440620352,0.011984238191632017
2023-01-16,-0.009636201226542133,-0.009569162494759684,-0.009700641472138245
2023-01-17,0.014777093583847904,0.014097605576603885,0.013214326544943441
2023-01-18,0.01749773389027024,-0.0016553224837330825,0.003427736781692064
2023-01-19,0.004144587758361153,-0.0010713488146340355,-0.004997670284857997
2023-01-20,0.010196549742628801,-0.011964255146673366,-0.002969064402820852
2023-01-23,0.007288518217584787,-0.00506894374966714,0.015285028961211502
2023-01-24,0.013299506233446189,-0.0059220254590370966,0.00624711163076338
2023-01-25,-0.028020845990544774,-0.013921333882194274,-0.0019078931454942498
2023-01-27,-0.02012659035704274,-0.019153542386002392,-0.005467155493836226
2023-01-30,-0.0010216824769640296,0.009537979458082413,0.0066034286435645295
2023-01-31,-0.006619864308194518,-0.002503522290106893,-0.022069762073373803
2023-02-01,0.014887166835454761,-0.005943972277072453,0.014674334085121471
2023-02-02,-0.014980680236999569,-0.005549853161312271,0.01515577745405018
2023-02-03,0.03399923943783848,0.0008806120347523664,0.006308995925943861
2023-02-06,-0.004259068009026137,-0.007564020076043615,-0.006438859305978769
2023-02-07,0.0014821363292982345,-0.0024040023349691676,0.003635008841943284
2023-02-08,-0.0001208646967855222,0.01977379591375462,0.013600332877079518
2023-02-09,-0.0020880620198958683,0.001741639838519377,0.00587740463053828
2023-02-10,0.003960512420242641,-0.008268050883880973,-0.0009324990173363536
2023-02-13,0.000754057847973821,-0.005708215985211837,-0.015712680382227118
2023-02-14,0.009213602376297727,0.023291745619541334,0.005069860310393471
2023-02-15,-0.002033460229093411,0.022391462158416125,0.00585388148396179
2023-02-16,-0.003628711617243987,-0.0007814995053079645,0.010567124239638974
2023-02-17,-0.005029855059516588,0.004168088658350924,-0.016121222661100536
2023-02-20,-0.009435053132553772,-0.010629134671253239,-0.003963534115794187
2023-02-21,0.00374219799295118,0.008126296335244918,-0.010463889743533836
2023-02-22,-0.019812408778750647,-0.022938938741822776,-0.01443264985759825
2023-02-23,-0.0068066099879840625,-0.0048036569656680975,0.003594812448637779
2023-02-24,-0.008959405475779794,0.006819378075294921,-0.003918377187874133
2023-02-27,0.0024829027946792048,-0.006671564367992921,-0.020380017432794804
2023-02-28,0.004197298064589529,-0.019316606995864804,-0.005718931154394446
2023-03-01,-0.0009694018725417666,0.009150401163575754,0.02175201483053822
2023-03-02,-0.008546890325170564,-0.007644564977099258,-0.01915950310548396
2023-03-03,0.019654767012884503,0.025195286442017857,0.006213029180685724
2023-03-06,0.007030199949196298,0.009720340470083712,0.008847280423335416
2023-03-08,0.0019951053379754224,0.0035847259708742477,0.005486311219951251
2023-03-09,9.19535271402109e-05,-0.02432816024780028,-0.015920643732650064
2023-03-10,-0.026124762519899467,-0.015613353082164438,-0.0017546273473511194
2023-03-13,-0.01273291535028463,-0.016583230601765055,-0.014834958155170932
2023-03-14,-0.0026812317152033966,-0.003749581337728147,-0.020625886687935188
2023-03-15,-0.014454984797629536,-0.017239486289194167,-0.005004913796844484
2023-03-16,0.006464506703397317,-0.00499678894013286,-0.0043546192554240375
2023-03-17,0.013282131073741899,-0.001258679252366724,-0.0017911918689389455
2023-03-20,-0.006955069104875025,-0.0098772314500381,-0.011387857400107514
2023-03-21,0.011269589213969719,0.03062218225043745,-0.011905348185029302
2023-03-22,-0.002313508527004954,0.0030355039440452813,0.007920750703820024
2023-03-23,-0.008060076180039578,-0.01273111687636086,-0.00196652134358388
2023-03-24,-0.0016005601041929323,-0.01999575474650013,-0.0013288813712617616
2023-03-27,0.004347622592702616,0.015425216597255723,0.0005767393438017182
2023-03-28,0.008101314201611448,0.004659520599440064,-0.0020520039385097336
2023-03-29,0.004798041934598946,-0.005933870192935493,0.007354408512144552
2023-03-31,0.013605242832539081,0.04221176172468913,0.021120375881685898
2023-04-03,0.0006210145968256314,0.00017160205411606208,-0.001841903289878489
2023-04-05,0.02646972839474676,-0.0024048835758968363,0.01236077040273918
2023-04-06,0.007590192842463074,0.0066848236388242855,-0.005912857038802073
2023-04-10,-0.004752231007928334,-0.007114917304504971,0.013170821169328424
2023-04-11,0.0029202339430816483,0.004934431055964726,-0.015315429257852384
2023-04-12,0.012902608989505192,0.004398904957411387,0.008628233706663395
2023-04-13,0.004470954608369716,0.0037642601699947346,-0.016422163795559754
2023-04-17,-0.015361542550857128,0.005060300953266679,-0.015596773475611427
2023-04-18,-0.004239040973572337,-0.01151288326595427,-0.0027909458065358463
2023-04-19,0.0036687905115503168,0.004965587133635839,-0.013230810418102281
2023-04-20,0.0037153217847682544,-0.002533011556913054,0.00490761345758006
2023-04-21,0.0016136800954200544,0.0012566495948987302,0.01789174975108488
2023-04-24,0.008058802983642614,0.003824096005633549,0.004403642396847743
2023-04-25,-0.014318720104121031,0.007625560496604734,0.0003778731579882061
2023-04-26,0.004586446288078886,-0.005888272593537173,0.006949915049588986
2023-04-27,0.005487945125071314,0.00630910040446281,-0.003194452887850312
2023-04-28,0.0039184518276342405,0.018113857587602936,0.009770387654012504
2023-05-02,-0.0002072610512090258,0.008454240335095018,4.6659703467952355e-05
2023-05-03,0.003490705698349006,-0.00861941860943252,-0.012345427212158672
2023-05-04,0.02025819305740256,0.011462490761422344,0.012749106807108541
2023-05-05,-0.0609412106235789,-0.002556372056106588,0.003100055452236344
2023-05-08,0.011498189794174886,0.012272212974390892,0.006140753377349871
2023-05-09,3.0469971614411173e-05,0.00308986067995044,0.009994196503330149
2023-05-10,0.004610793389576713,0.006852801877931474,0.0010808086629569334
2023-05-11,0.0006656453307219847,-0.0065503644512289365,-0.0014159553759775533
2023-05-12,0.008792601396905532,0.0016315405246746825,-0.002394659142395317
2023-05-15,0.00478522757140816,0.0019704766985096226,-0.0058962830517161535
2023-05-16,-0.005750358123577635,-0.014343615066630674,0.0009518655157083952
2023-05-17,-0.005387042945675184,-0.005926832579479067,-0.015293643118566905
2023-05-18,0.003989730410966713,-0.0021544210620004353,-0.002761994773149692
2023-05-19,0.001154422054790734,0.003240255203265321,0.007162230108891907
2023-05-22,-0.003558515995068172,0.0053298655973530425,0.0232623012517141
2023-05-23,-0.002348834070268213,-0.00018336499776331052,-0.0005002505458695648
2023-05-24,-0.013157180814384578,-0.005842935797267305,0.001908950812825805
2023-05-25,-0.003844570169704859,-0.0001229057452014866,-0.0029863194496731207
2023-05-26,0.0038445701697048047,0.02690984186209508,0.010690925631130506
2023-05-29,0.012118305623376001,0.00560958515268761,-0.0025714929064910436
2023-05-30,0.0007639905756668126,-0.0002579652872924757,-0.0012506638040334463
2023-05-31,-0.01595058721920133,-0.02006144782626217,-0.008083969819370282
2023-06-01,-0.004261491521875362,-0.002696069928022478,0.01043321536147342
2023-06-02,0.001557448143725219,-0.0032733732043318973,-0.005550692120719592
2023-06-05,-0.0013080621910029225,0.008940962331773055,-0.005065040486202587
2023-06-06,-0.0031212559834030013,0.0008472941047146801,-0.017359145252771886
2023-06-07,0.005175970320506826,0.007554172861321879,0.013093337671325572
2023-06-08,0.000621758622972162,0.0006001752103374185,-0.011810311076096848
2023-06-09,0.00118045604921813,-0.007106218969728369,-0.008424162433414765
2023-06-12,-0.00610325397617587,0.0008860047239648911,0.01164779643360758
2023-06-13,0.0016851580963468096,0.014665681939814847,-0.000985984516345451
2023-06-14,-0.0010919603066351495,0.012222310432651946,0.002263324891347776
2023-06-15,-0.012375233810936855,0.0002743578007119759,-0.0033367145266426424
2023-06-16,0.012999379427486087,0.009688308571996963,-0.012955487181172669
2023-06-19,0.0008731811168126173,-0.009982184230479476,0.011119249697456032
2023-06-20,0.002086163345854817,0.0020747960786481477,0.005374313112235224
2023-06-21,0.01732952899102074,0.0028117535036402733,0.009405024058279638
2023-06-22,0.004879201257922691,-0.011294763275001719,-0.006064516927273689
2023-06-23,-6.081572460551934e-05,-0.0082173520291907,-0.006862997413693331
2023-06-26,-0.004848979905484724,-0.0076643050073809645,-0.008336086785658808
2023-06-27,0.013994745816903095,0.0003606729128499733,0.0024112126770710392
2023-06-28,0.010525662694231691,0.01315192311054296,0.005645016561329648
2023-06-30,0.014951871429877441,0.00816973445410841,0.02663663622575823
2023-07-03,0.010756627350901854,0.025340384618534113,-0.009111008662603287
2023-07-04,0.004872319577143186,-0.010356687113952812,0.011107560680853987
2023-07-05,-0.032282661495412174,-0.0016430821658747602,0.003349003482365081
2023-07-06,0.001015493497880504,0.02077328850350249,0.0008882056924347422
2023-07-07,-0.008754623618215485,-0.0019535923111668714,0.0019092603746456581
2023-07-10,-0.002381845042560441,0.037797915776704716,-0.01736095456595792
2023-07-11,-0.004871614727057079,0.010782356758801221,0.00013756136548217067
2023-07-12,-0.00941694830580612,0.0011026440114652557,-0.0038272717316581916
2023-07-13,0.004978578612325643,-0.008982478779482259,0.024439129445171067
2023-07-14,0.002069669273900722,-0.0008388032096671731,0.0508043656285572
2023-07-17,0.020702402769657534,0.020226774793144275,-0.0065512162736673365
2023-07-18,-0.0008342135200350141,0.008456229232907418,0.0014740126469336584
2023-07-19,0.004520309022656865,0.007558849207151121,-0.00769365476654447
2023-07-20,0.0021637000348441464,-0.001211712201922997,0.0006498483879003458
2023-07-21,-0.0077277742005923186,-0.031445359489053595,-0.027813619241353758
2023-07-24,0.0015801091729952589,-0.02043381690225401,0.007821944358698384
2023-07-25,0.010785261527509315,-0.0006434052373767407,0.0012952907160293876
2023-07-26,-0.0034836156882019397,0.01612164272944426,-0.003197222218961054
2023-07-27,-0.010434531909824133,-0.009346073950523193,0.002534955475429754
2023-07-28,-0.017879942367637805,0.009999032150544984,-0.01229233572564072
2023-07-31,0.004674143621942934,0.008430019632331212,0.01949346622394333
2023-08-01,0.006669854486361396,-0.014242422717559003,0.008904047192069777
2023-08-02,-0.013171030622046791,-0.010740992957032174,-0.00330798272188579
2023-08-03,-0.007249593821205809,-0.004211878804620465,-0.011899764669270157
2023-08-04,0.014356229349699047,0.0134996197449479,0.01274223200697884
2023-08-07,-0.0005751549873255243,0.005682039654369079,0.011692578789376282
2023-08-08,-0.0008178590671110991,-0.006040832136352356,-0.0038678757229709797
2023-08-09,0.0003634997063611175,0.006575537740884803,-0.0023367232876981055
2023-08-10,-0.008915669323950132,0.004445151575838924,-0.00590912472866208
2023-08-11,-0.010477364602948683,0.004209602015442772,0.0019447200724776045
2023-08-14,-0.004892085453889846,0.011747942527811816,0.0003043923033844112
2023-08-16,-0.002922012582794362,-0.0008152181236181523,0.002475253815513863
2023-08-17,-0.005556284475403649,-0.014531330982900367,-0.00657078262402705
2023-08-18,-0.004109198554931261,0.007380088779976784,-0.020183377883026533
2023-08-21,-0.0007860916937945134,-0.010971375012898797,0.01020863996754906
2023-08-22,-0.004287317104359378,-0.0002381929006250348,-0.005749022840085757
2023-08-23,0.0024611568865817684,0.0011108551582420705,0.004748982429510363
2023-08-24,-0.004611648895034548,-0.016953628449855183,-0.003094531222190433
2023-08-25,-0.011334821127274401,-0.0046279445588852846,-0.0019057898016310382
2023-08-28,0.01035291062793518,-0.01001628868368455,-0.0017019683202017554
2023-08-29,0.007922898917274502,-0.00962146604368105,0.0001777997889146755
2023-08-30,-0.007321037456520022,-0.0009507341919666601,0.004374045549268312
2023-08-31,-0.004602936642238955,-0.004580301130880905,-0.010121932045595307
2023-09-01,0.002066055150728855,0.0023444557848235677,0.0066507544035223735
2023-09-04,0.0062357589108750855,-0.000808548144585725,0.011562892682247063
2023-09-05,-0.006108738040635214,0.005337010683999903,0.003168947336736566
2023-09-06,0.012995367319214295,0.0021020016328123572,0.00016043382769381995
2023-09-07,0.00957479761725896,0.001357821360759766,0.007363565348971569
2023-09-08,0.007760728349387881,0.006639121430706187,-0.0038711256692387213
2023-09-11,0.005161053840827641,0.010725742311796693,0.011195449425559377
2023-09-12,0.003120441630084253,-0.014552180409363897,0.028367222355685225
2023-09-13,0.004267340944379062,0.004989870223179865,-0.0036231004451169296
2023-09-14,-0.0006085172349657583,0.0009175701529715391,-0.0021885470192001093
2023-09-15,0.011408268877314885,0.0018529508552534357,0.010686891921932342
2023-09-18,-0.019874235799239675,-0.008744931161155258,0.0021791018308850506
2023-09-20,-0.04094225847443616,-0.022538672884283927,-2.7658680984733784e-05
2023-09-21,-0.00664085305227224,-0.007309966903897136,-0.005770836326029253
2023-09-22,-0.015374958190749946,-0.004173942391920508,0.005105028719258357
2023-09-25,0.0008821248900048026,-0.006176266111433177,-0.007380817259322206
2023-09-26,0.00433415053120754,0.0008754749471661016,0.002387272335063452
2023-09-27,-0.007048488769734147,0.011207015326890783,0.0010035770247148101
2023-09-28,-0.0020651888309740846,-0.014799265640838739,-0.014748957358136259
2023-09-29,0.0017049491283684186,0.004658983640236803,-0.002307064949755048
2023-10-03,-0.012029074670282573,-0.011515989919995312,-0.004188899476163566
2023-10-04,0.01415609964634686,-0.0017270486496024696,0.006778655933628175
2023-10-05,0.004045290408106552,-2.1489225562446834e-05,0.014480195357173105
2023-10-06,-0.0011074586360628417,0.0016838630179476573,0.008889548668451541
2023-10-09,-0.011671205395428267,-0.00855684816510661,0.00466964085015663
2023-10-10,0.005655876486504633,0.004406704196092876,-0.002600862401077196
2023-10-11,0.009626588973358982,0.015752119274787785,-0.005249453187673823
2023-10-12,0.006635473452643294,0.0018532181203372358,-0.01883318934253364
2023-10-13,-0.009139274881015727,-4.254259578044051e-05,0.007956892444072097
2023-10-16,-0.0040125758354709155,-0.002237181419666218,-0.01319290508962463
2023-10-17,0.00755507480626569,0.004766673401819476,-0.004835501575945299
2023-10-18,-0.014015493157240108,-0.013357035280111954,-0.005661779621043709
2023-10-19,-0.0031634314552771285,-0.007710446329627557,-0.006518748218371765
2023-10-20,0.005168346432428794,-0.003061605749048432,0.011193957005326381
2023-10-23,-0.011060373387317869,-0.01573810622965524,-0.024448298888617638
2023-10-25,-0.006361292658915701,-0.0023223905595030725,-0.005896764222729261
2023-10-26,-0.022366505196395717,-0.01402653452999166,-0.015862253048600287
2023-10-27,0.003921439319903102,0.017497127220439924,0.004246624318711764
2023-10-30,0.010798061082013142,0.020401272904239105,0.008202712197532056
2023-10-31,-0.005807616841605573,-0.010694848300371112,-0.002904844634758238
2023-11-01,-0.0013554385381909066,0.004143642006827169,-0.01137436310823853
2023-11-02,0.001524707482293264,0.009875349973943324,0.008803450258855927
2023-11-03,0.004728946758995587,-0.00021551422691131616,-0.002741836721089787
2023-11-06,0.00721901058256418,0.008285683414351694,0.008720674206764022
2023-11-07,-0.004862981065941541,-0.006519752001883084,-0.002903381510068806
2023-11-08,0.0028871613948147174,0.005193483590348508,0.003287861512005638
2023-11-09,-0.003963473845083749,-0.010911623992131383,-0.010135284232910428
2023-11-10,0.0039299246984744515,0.0018808634550238107,-0.004191079312622045
2023-11-13,-0.0018118989422484233,-0.00012953551587750956,-0.0005700936021775917
2023-11-15,0.010423741554222418,0.017919280728300364,0.021601598400386574
2023-11-16,0.002622180184577495,0.0018019238374234455,0.027109224914320332
2023-11-17,-0.0021569526885912263,-0.0021839344489461084,0.0013142620897333521
2023-11-20,6.640778713952757e-05,-0.0026355204248677466,0.004884602201363161
2023-11-21,0.008434902363966717,0.012499461362949939,-0.0026743183483030992
2023-11-22,-0.0035637728733091114,0.0039017533266078293,0.005667258046921383
2023-11-23,0.005768355311430436,0.003052068049239687,-0.006222997352721168
2023-11-24,0.0070740300382728764,-0.0006682002512850705,-0.014687268319451522
2023-11-28,-0.0022542462612384863,0.0002088349681841303,0.0037677405785885125
2023-11-29,0.01975573261362091,0.0026277335773671573,0.012486043799977383
2023-11-30,-0.00022452287378958296,-0.009731889540840609,-0.007470072076883322
2023-12-01,-0.002183499951713798,0.00706251523486495,0.006872147758169247
2023-12-04,0.034128696148765084,0.010759211244036986,0.0002279125344444425
2023-12-05,0.008845983880911202,0.0072253365613525865,0.0054372289999124355
2023-12-06,0.0025219774440888433,0.009532912225265922,0.020321027049152823
2023-12-07,0.0016265397811812308,-0.0016469921467552843,0.002992061085100002
2023-12-08,0.013856850588544849,-0.0005292508441887444,0.003258882491404933
2023-12-11,-0.0013317034613354807,0.001464901444930799,0.004456961670700001
2023-12-12,-0.00998306081948269,-0.014457419771436431,0.007983717912754084
2023-12-13,-0.002266062975175162,0.004075733108148099,-0.0216231334151289
2023-12-14,0.011734200754571917,0.012331490156275228,0.020301430384409864
2023-12-15,0.0038709565641588156,0.012682313295919784,0.05148416627089725
2023-12-18,-0.0005132729511224785,0.010126419089792095,-0.0004662691533142471
2023-12-19,-0.001692531443484488,0.014609186854971722,-0.011204644512782068
2023-12-20,0.0024774038691303783,-0.012172668187622032,-0.009518012858062329
2023-12-21,0.017765147377801847,0.01391077254956831,0.001968932847917194
2023-12-22,-0.00944139031872797,0.0009750803971696353,0.009590803325869531
2023-12-26,0.006918589136255008,0.005055338059919704,-0.007467593742404088
2023-12-27,0.01231650350751627,0.0034076314879472186,0.004114653202041147
2023-12-28,0.0011441288130441944,0.007202854750365782,-0.002969362307155528
2023-12-29,0.0023429641973017044,-0.007937696169431024,-0.0017120232015311568
2024-01-01,-0.00654478850595466,0.002048290404655976,0.004655282481371616
2024-01-02,0.0005887420959796697,0.00824695247940342,-0.0073477551726408375
2024-01-03,-0.015540052401442411,-0.010933705756428849,-0.024469588246223882
2024-01-04,0.010672791396916357,0.005154440943142314,-0.006781189604498897
2024-01-05,-0.005128935681746325,0.004246481960909749,0.019204472814974387
2024-01-08,-0.011208782999211457,-0.007834358906432517,-0.016073192051647166
2024-01-09,-0.007815453536604813,-0.0026510361249537755,0.0031486744436271755
2024-01-10,0.00329661448116826,0.02661425991136366,0.00625433110366451
2024-01-11,-0.004205801272856283,0.025960923800215654,0.006041381545635132
2024-01-12,-0.004741371328866342,0.007928589329928617,0.03866153269065196
2024-01-15,0.019071188403044722,0.0169272344477284,0.005393823800736218
2024-01-16,0.003788917708989268,-0.014086040924229538,-0.010946567013081245
2024-01-17,-0.08813007392026422,-0.009538939351611047,0.006016113468433461
2024-01-18,-0.03396878656665946,0.004671209286311805,0.004622974691174021
2024-01-19,-0.010484455366474849,-0.0003655642464790617,0.01493460076400204
2024-01-23,-0.029884875320460975,-0.02884077148439585,-0.021740823023401357
2024-01-24,0.01980467059923448,0.011450325202037056,-0.004272729838154818
2024-01-25,-0.014529040710651132,0.0068225053556973045,-0.008233060275291259
2024-01-29,0.013670107455974797,0.06783808903460312,-0.0024437688401148633
2024-01-30,-0.007140562459044526,-0.0283139848025448,-0.00011840708830513879
2024-01-31,0.012556706970635484,0.01340766959149217,0.004043880302018897
2024-02-01,0.0025948264816501587,1.7514513651159115e-05,0.00996086624959885
2024-02-02,-0.013871399462844592,0.02153079407214241,0.028683127699067987
2024-02-05,-0.0008993590077402376,-0.012894039806231765,0.0017633870932584534
2024-02-06,-0.0005192824423332519,-0.007830989135749622,0.04013203016436899
2024-02-07,-0.009846821784155723,0.010000294170704513,-0.012799058186697885
2024-02-08,-0.01899089930039144,0.00551468544978232,0.012339647756958678
2024-02-09,0.0003917893658579167,0.0073001935087744965,-9.673521120526175e-05
2024-02-12,-0.009736586447624025,-0.005767065043391485,-0.003149829037324337
2024-02-13,0.00319632743307182,0.008740590320007681,0.0069647183796535134
2024-02-14,-0.007486043155733385,0.0110472252427418,-0.01197646091677547
2024-02-15,0.02144393707725059,-0.007300293770201539,0.0007558241218002423
2024-02-16,0.004128505013821412,-0.006840286296171866,0.006098567981865227
2024-02-19,-0.0019739726606306913,0.009149633661182871,-0.005952359338661945
2024-02-20,0.02591226617508351,-0.0020202934499467377,-0.01798582174163577
2024-02-21,-0.0104720586520139,-0.0022629482363280655,-0.009760509195596881
2024-02-22,-0.013712691346824847,0.009527248911366342,0.023668615356963657
2024-02-23,0.0007392753658963309,0.00798223392251653,-0.008600330177302901
2024-02-26,0.0011960241679591552,-0.0042268443852625185,-0.012678536111050116
2024-02-27,-0.0015127392120608228,-0.0011268021836896701,0.025502707434061776
2024-02-28,-0.007598479626843193,-0.020417040532845317,0.00353880651854133
2024-02-29,-0.00426619902489718,0.0035489361073947874,-0.00580714530670428
2024-03-01,0.019300939311272722,0.021217013976444113,-0.00018313699245555237
2024-03-04,0.0013619307354570702,0.010185071552650802,-0.0033395748480105694
2024-03-05,0.005672469770298681,-0.004787970174630392,-0.016953654963763474
2024-03-06,0.0012138256817233867,0.0018647587113448604,0.012926776422060148
2024-03-07,0.0024232401671463715,-0.016147613433504484,0.010840765457546754
2024-03-11,-0.012735501158052638,-0.008368768861755025,0.0033410786231615024
2024-03-12,0.02199336710475002,0.0059993817625560095,0.01681421713305036
2024-03-13,0.0005822320180349737,-0.029751851656318537,-0.010370438481541814
2024-03-14,-0.0033952545176494007,-0.0004888862733636065,0.014025135125159793
2024-03-15,-0.0019256249668097017,-0.009299304318841916,0.00276511752109204
2024-03-18,-0.004553822074050239,0.01487235920054674,-0.015946843695262735
2024-03-19,0.002279460039967264,-0.009931224124472145,-0.043107372965065824
2024-03-20,-0.01270667422718388,0.012896626646533842,-0.0016105096990885828
2024-03-21,0.010219740532079247,0.00499184923771593,0.0005161527713797102
2024-03-22,-0.0020079166203529892,0.0027873909300171946,-0.015741333860833644
2024-03-26,-0.012167839357806184,-0.009286841434082779,-0.008576874464748039
2024-03-27,0.010676661549281636,0.03495077938062101,-0.009483973494453827
2024-03-28,0.004985153851524642,-0.004700042847658604,0.009174399459383264
2024-04-01,0.015488190455905736,-0.0007237029429649896,0.010381084673615289
2024-04-02,0.0065410204240144675,0.0014636867646589439,-0.008448127143080684
2024-04-03,0.0014515470575803334,-0.010376727057429652,0.016217752512939405
2024-04-04,0.03010287964031578,-0.005912369573050325,0.014087234928025069
2024-04-05,0.014266708337246496,-0.0019330033874160578,-0.006025686221113264
2024-04-08,-0.0019056396829689882,0.01756619538202879,-0.0016850718024635576
2024-04-09,0.001260058688145932,-0.015137741544567799,-0.006566535981181793
2024-04-10,-0.00790960341721175,0.010821541262162398,0.009607653340637566
2024-04-12,-0.011390132572937677,-0.00843311519874784,0.004194871701675706
2024-04-15,-0.01609384921030212,-0.0015860476611597083,-0.01515907592438243
2024-04-16,0.00968745678711533,0.0006313616761382499,-0.017507501293577997
2024-04-18,-0.009687456787115243,-0.00097274552176154,-0.002792488393205549
2024-04-19,0.024191653885317927,0.003953138883515834,-0.009313035770547462
2024-04-22,-0.012551609399322754,0.006593239848195358,0.009986020583121806
2024-04-23,-0.0030464763711500584,-0.013966726340301015,0.002610099211081523
2024-04-24,0.0027157652668708798,-0.006289739567335752,-0.01132937704179099
2024-04-25,-0.000628544924340919,0.006735069532348854,0.005505508523300417
2024-04-26,-0.0006290230991947058,-0.005098607473964554,-0.0080406669751505
2024-04-29,0.012963697891021512,0.008551630203063248,0.012702445850185524
2024-04-30,-0.00616486089513325,0.00134715240219126,-0.012885644991544239
2024-05-02,0.00796116399540057,-0.00030671779427031773,0.0111011996311999
2024-05-03,-0.008290156109183308,-0.022444989407597954,-0.005164406093761142
2024-05-06,0.0020051949985779574,-0.01014542413913598,0.020002093542345428
2024-05-07,-0.010895504426380057,-0.012797103225486987,0.014658490250838329
2024-05-08,-0.015725698090163852,0.012110033614968607,-0.000502701585896348
2024-05-09,-0.02399312763270822,-0.01736826170921146,-0.00422065174258689
2024-05-10,0.006908825031528161,0.009494809351396466,-0.01688337863732021
2024-05-13,0.011994023862610089,-0.0033629062864848898,0.013747312262059424
2024-05-14,0.003909176372014277,0.012310689462422317,-0.011874366827106854
2024-05-15,-0.015485987697402753,-0.002679389091346963,-0.005345903321830978
2024-05-16,0.015006732743779484,0.006387131424607705,0.012523756695061327
2024-05-17,0.002633064421801972,0.007235188460195813,-0.017285318580588564
2024-05-21,-0.003626525998084461,0.00029599409319769647,-0.0036320315447379244
2024-05-22,0.00027414821050184706,0.01693300866922281,0.003084113875582559
2024-05-23,0.022631182641605387,0.017240052619130662,0.01590873579185842
2024-05-24,0.016347018622958388,-0.003910610166221645,-0.011352315912162597
2024-05-27,0.006896803240765501,-0.009502865857264849,-0.0006366320395061761
2024-05-28,0.0018311424015126192,-0.006877892034678819,-0.0018603404165332131
2024-05-29,-0.014611250627454497,-0.010649040067543431,-0.00948517643880005
2024-05-30,0.004333175557046888,-0.01111467581923345,-0.01791883777234925
2024-05-31,0.010963889926800526,0.00388759659614461,-0.017591890102513535
2024-06-03,0.02619559804345139,0.05437074124610432,0.00865243104422078
2024-06-04,-0.058307653497905766,-0.07780094488782606,0.0032757786821606444
2024-06-05,0.04524731544839283,0.016661014094542938,0.008430151005625146
2024-06-06,0.005077900656553263,0.007607751315320204,0.02216044598277193
2024-06-07,0.008713606468159635,0.026435642269421022,0.016454822811124616
2024-06-10,-0.007688181357984121,0.0009860068047012425,-0.009093662687466843
2024-06-11,0.002239211823816485,-0.010057872369733599,-0.001711895572090792
2024-06-12,0.005957365349327348,0.004554757827855004,-0.005322952245877335
2024-06-13,0.004183983603295269,0.0013146947006403395,0.012062713357908922
2024-06-14,0.010164817258186033,0.008359452863886176,-0.01195838414152614
2024-06-18,0.006802521761170023,0.002349112330690194,-0.004432876273841035
2024-06-19,0.03065478733093295,-0.015223064367954361,-0.003518665222538322
2024-06-20,0.006912755294784596,0.010264846699624663,-0.0038081574790579543
2024-06-21,-0.00215883476913152,-0.013320352140285081,0.006185836252735373
2024-06-24,0.003984246650933076,-0.00878906079210701,0.0015863978328350984
2024-06-25,0.02302278370609654,0.008754695103952277,0.005656236291035691
2024-06-26,-0.005772305559008109,0.040350138654289824,0.004522828662936177
2024-06-27,-0.0031492162691204527,0.010855488399128336,0.020103275365194056
2024-06-28,-0.007307809400232295,0.022514271394768214,-0.007654601887684478
2024-07-01,0.012629174543053647,-0.0033594490135945886,0.01878935073100034
2024-07-02,0.01478578959506851,0.0032157027485881953,0.00980540071318716
2024-07-03,0.021748387660534857,-0.008179437314636483,-0.013065928464273985
2024-07-04,-0.023743843761065503,0.0010301254824229746,0.013949179965502202
2024-07-05,-0.04684960941806017,0.02202048730992911,-0.002278123419487379
2024-07-08,-0.007766225778404649,0.007697134442087478,-0.0046471155770396785
2024-07-09,0.0007029444517515057,-0.006659045520410551,-0.0019300884848498594
2024-07-10,-0.006375324726838419,-0.003811631798532225,-0.019342886203237587
2024-07-11,-0.0025861314601393235,-0.0022591477012360306,0.0037151297913688877
2024-07-12,0.0004930290802544521,0.01011850383387971,0.0642208228215066
2024-07-15,-0.0003697680403794205,0.00031308079734393635,-0.0035315201355592676
2024-07-16,-0.0014498110065203208,-0.01321914059630598,0.002216100095286793
2024-07-18,-0.0030606180393112446,0.0065920442760874914,0.032284253025992485
2024-07-19,-0.004655399394654932,-0.02006860675916217,-0.0007317982992592217
2024-07-22,0.021694173419612366,-0.03565701776123028,-0.00350426143039009
2024-07-23,-0.014811899836317442,-0.008549292336247707,0.0034927171543305793
2024-07-24,-0.008906322432104489,0.005228556607679166,0.000905878774206532
2024-07-25,0.007793428867519277,-0.0022087493519936025,0.00376657652420278
2024-07-26,0.0009583863462132267,0.011078239093379114,0.015005371443632053
2024-07-29,-0.008128576752630286,0.007312333262579705,-0.001539478819716323
2024-07-30,0.006520544658895903,-0.004582566145170806,-0.003601399090443833
2024-07-31,0.0001237454920408356,-0.005118308655051783,0.004570972632478247
2024-08-01,0.014165027376699175,0.006538239841655926,0.002675837923989371
2024-08-02,0.012341141363036484,-0.010598551022630303,-0.026279936990459805
2024-08-05,-0.026506168739735853,-0.03529797530742483,-0.03034084293116924
2024-08-06,-0.00904592688402028,0.006010396849622629,0.0038793177550804766
2024-08-07,0.013830981757557783,0.006008353256453518,0.006987856068514046
2024-08-08,0.011756923802124565,-0.010775741130580935,-0.00666430598838001
2024-08-09,0.004555229510674551,0.017223372993350056,0.013379171328757215
2024-08-12,0.005981325741871868,-0.009318901617458897,-0.007858245671484593
2024-08-13,-0.03487615544435947,0.0020518195970011485,0.0003098904946880683
2024-08-14,0.00286514106237812,-0.001213510474558474,0.023151598610470298
2024-08-16,0.015000706957913765,0.011122362144242712,0.027735787890776045
2024-08-19,-0.0003370026265310464,0.0102648614487091,0.01660714965171342
2024-08-20,0.003762290928382908,0.005059690000416221,0.007389115979163335
2024-08-21,-0.0072927381066087895,0.0018199930932668743,0.0062149838497516366
2024-08-22,0.0033772610019157634,-0.0003670907803922034,-0.010935049419045054
2024-08-23,-0.0038386677737994477,0.0012340988197824183,-0.008498969670361326
2024-08-26,0.009127122574916656,0.008381583273036048,0.008598924790929803
2024-08-27,-0.0013423829588370831,-0.008064977724488947,-0.0011778094242614345
2024-08-28,-0.00039697537996477073,-0.0014338659188626887,0.0019768682392545655
2024-08-29,0.0008853094638157226,0.01498756984495033,0.0012753439020312455
2024-08-30,-0.0010074410491405855,-0.007457458887526532,0.009254934433794281
2024-09-02,-0.0060972296412621285,0.004378905662720653,-0.007206797518432068
2024-09-03,0.006372004735431758,-0.004710168605708443,-0.0019260509259787972
2024-09-04,0.0027142155124569604,0.00358838470524929,-0.007362534006532822
2024-09-05,0.0022205941023513568,-0.014347640120542031,-0.0007369233834047472
2024-09-06,-0.0051791258064037655,-0.019035009179954595,-0.00429890152334833
2024-09-09,0.005817120379260419,-0.001622669957798974,-0.0016169068491749068
2024-09-10,0.0023355629714763115,-0.0006326502766851062,0.013017459851354178
2024-09-11,-0.003915885539229438,-0.006882923358135544,-0.006342439498982393
2024-09-12,0.013714086701666973,0.019309472023200762,0.008525083687397931
2024-09-13,-0.00039010213549214097,-0.004860453921601923,0.00108404716115025
2024-09-16,0.002996773653159568,-0.0008661924808164723,-0.002069554835098868
2024-09-17,-0.0012874368138831045,0.0006455069504170407,-0.0016853895634751398
2024-09-18,0.015459908027938082,-0.006029208526376033,-0.036041744612667764
2024-09-19,0.008051039730943179,0.004244692608005456,-0.011571106849966142
2024-09-20,0.01895870154488634,0.010996185683650305,-0.0026220604265612783
2024-09-23,0.010625692540411118,0.005001152336224321,-0.00383459820339969
2024-09-24,0.004677106408151595,-0.002682090284381303,0.0006556261652495729
2024-09-25,0.00623033210748792,0.0030670173936657684,0.0008074272470009115
2024-09-26,0.0024420417235433917,0.0026738878396912118,0.004143685500020239
2024-09-27,-0.01742068658485564,0.018667163075790066,0.0037668584718431037
2024-09-30,-0.011823255824043005,-0.03303945353586265,-0.009373597384113731
2024-10-01,-0.003383307925129144,-0.007989435568986965,0.004534518033804644
2024-10-03,-0.025938870774014595,-0.04029375575428885,-0.012945280451195697
2024-10-04,-0.014582577667549213,-0.014641357788302589,0.0045964451413289375
2024-10-07,-0.02433373710940167,-0.011460855398702388,0.00483270298967373
2024-10-08,0.020344240311230596,0.019237789154854613,-0.004597589669692458
2024-10-09,-0.010900769247136236,-0.01641480634420892,-7.053998835829225e-05
2024-10-10,0.017751627232411252,-0.002585856685550759,-0.006025789622410014
2024-10-11,-0.006881131513330788,0.000765489892814819,-0.018671532692043455
2024-10-14,0.022222463207797267,0.0003097318078229958,-0.0030292391443199366
2024-10-15,-0.002372380677018242,-0.020983265676284966,-0.004810256644831746
2024-10-16,0.009279380678339163,0.007449667045371221,-0.00532155117783248
2024-10-17,-0.015802576748026743,0.0017340699097176395,0.0034251752370948875
2024-10-18,0.005186309484173778,0.0021172990421766025,0.005850086103048541
2024-10-21,0.02747523235345598,0.007256694731514402,-0.01053287753188614
2024-10-22,-0.00821892032866115,-0.019060116024708567,-0.015898401080304898
2024-10-23,0.012317762367310203,-0.003598196319814248,0.0125593443237284
2024-10-24,0.007947322262848602,0.0009521058687899608,-0.004523003326474839
2024-10-25,-0.003578547185765656,-0.008959311055050932,0.0023812115870819814
2024-10-28,-0.005291066642056189,0.004883189118432303,0.008173378158272274
2024-10-29,0.010126197734894173,0.00422535036307025,-0.003820684521115991
2024-10-30,-0.00989550951163627,0.0029062387746379577,0.0023039273170293115
2024-10-31,0.000633869490628859,-0.008856707129863929,-0.028860410257341058
2024-11-01,0.0009214949023916223,0.004942516074840193,0.0039608657912189845
2024-11-04,-0.013444068732496518,-0.02764489840960469,-0.005045081295350765
2024-11-05,0.025203301668016067,0.0024161735473651256,0.0018147117555936156
2024-11-06,-0.0014801438667100468,0.015243620258827409,0.04150507552079784
2024-11-07,-0.004968891717589335,-0.014975537317203767,0.00271391260989202
2024-11-08,0.0045129622051274364,-0.016915537501187253,-0.0009399232143173055
2024-11-11,0.006731623521901199,-0.008644892610544812,0.012389825436119196
2024-11-12,-0.027609834210223422,0.0012171805879279023,-0.0003097823748470174
2024-11-13,-0.021680162024932927,-0.01757552325675407,-0.011272574789784202
2024-11-14,0.006757412428439228,0.012343082593300326,-0.0010727655807408845
2024-11-18,0.007269311564669298,-0.005418547599862581,-0.03096237327158866
2024-11-19,0.02155367539640567,-0.015265622057567355,0.004975780987576815
2024-11-21,-0.0006029212990577196,-0.01513430321209502,0.008209711212216022
2024-11-22,0.0025238349603399534,0.034081440319164776,0.041304631500468814
2024-11-25,0.022656130120704075,0.016925631589789616,0.016472860887004906
2024-11-26,-2.7923184151670306e-05,0.006737123353892153,0.00867586982622588
2024-11-27,0.014870231087112265,-0.0019313228563388443,-0.00464007900380466
2024-11-28,-0.010622923062231037,-0.01747306727518051,-0.020438144963976418
2024-11-29,0.001616007897038272,0.016699492518747937,0.006094745244671083
2024-12-02,0.004804513215128412,0.013031935947423034,0.0013571207612681744
2024-12-03,0.011897704725152999,0.010750563393089415,0.006084412180529193
2024-12-04,0.018338143452381456,-0.010903401897686514,0.011932457063481356
2024-12-05,0.0030329231159861966,0.00995834733259006,0.024869454268957786
2024-12-06,-0.0053203505314770175,-0.007973918017950405,-0.004163981071300974
2024-12-09,0.007595654145939901,-0.012583143702660473,0.0014947318473101314
2024-12-10,-0.0010165967074802062,-0.00798457639538477,-0.004412101475913847
2024-12-11,-0.002680084783777836,-0.005189160981179616,-0.001151090479897935
2024-12-12,-0.0020685857766606507,-0.01204211703161765,0.00619193815045837
2024-12-13,0.006700658212748328,0.007847778557019,0.004244662885906673
2024-12-16,-0.0035055538904732717,-0.0035810019686300138,-0.013207288732175974
2024-12-17,-0.017277913125144494,-0.0183009556352283,-0.019832099385319952
2024-12-18,-0.012376871782931441,0.006363673206581398,0.004460368892610599
2024-12-19,-0.009544480035968238,-0.018360260709889376,-0.017622880844496664
2024-12-20,-0.012342378590455064,-0.020651377328246606,-0.024070717746291055
2024-12-23,0.01651546460021691,0.014005830625481386,-0.0028815468715981097
2024-12-24,-0.0016115627794461452,0.00036805068850822697,0.005085245007083485
2024-12-26,-0.004096024055220309,-0.005083396383223989,-0.002491341410359358
2024-12-27,0.0041794811558482315,0.0036921602656180626,-0.0010199307734846351
2024-12-30,-0.011381063268564648,-0.008512519918657492,-0.0014537449533718223
